day,side,entry_col,entry,stop,risk,gross,exit,atr,asia_rel,i,R,y
2019-03-08,1,583,1293.348,1285.128,8.220000000000027,6.7000000000000455,close,11.907333333333314,0.6903308885280813,47,0.7664233576642365,2019
2019-03-15,1,619,1302.055,1293.928,8.126999999999953,-0.27700000000004366,close,12.467166666666648,0.6518722511129205,52,-0.08330257167467056,2019
2019-06-10,-1,540,1326.688,1337.658,10.9699999999998,-1.336999999999989,close,12.342315789473668,0.8888121311363408,112,-0.1583409298085707,2019
2019-06-12,1,540,1335.195,1325.938,9.256999999999834,-2.2870000000000346,close,12.016684210526293,0.7703456159637574,114,-0.29026682510533464,2019
2019-06-21,-1,641,1388.088,1411.805,23.7170000000001,-10.769999999999982,close,14.731210526315767,1.6099831006849137,121,-0.470970190158955,2019
2019-07-01,-1,541,1385.038,1397.698,12.660000000000082,0.803000000000111,close,17.873950000000015,0.7082933542949416,127,0.03183254344392641,2019
2019-07-02,1,631,1393.158,1383.785,9.37299999999982,20.090000000000146,close,17.569950000000027,0.533467653578969,128,2.1007148191614773,2019
2019-07-05,-1,548,1414.435,1422.938,8.503000000000156,13.656999999999925,close,19.408526315789494,0.43810642094359725,131,1.5590967893684207,2019
2019-07-08,1,541,1405.665,1394.365,11.299999999999955,-11.299999999999955,stop,20.441000000000006,0.5528105278606698,132,-1.0353982300884959,2019
2019-07-18,-1,834,1418.788,1428.158,9.36999999999989,-9.36999999999989,stop,22.78231578947372,0.41128391365416767,140,-1.0426894343649953,2019
2019-08-01,-1,659,1404.198,1414.778,10.579999999999927,-10.579999999999927,stop,19.75442105263158,0.5355763133635605,150,-1.0378071833648397,2019
2019-08-05,1,554,1455.905,1437.848,18.057000000000016,5.053000000000111,close,20.102700000000027,0.8982375501798262,152,0.2576840006645681,2019
2019-08-07,1,571,1490.088,1472.208,17.87999999999988,5.197000000000116,close,21.168200000000024,0.8446632212469583,154,0.2682885906040351,2019
2019-08-09,1,542,1507.835,1498.965,8.870000000000118,-8.870000000000118,stop,21.43090000000001,0.4138883574651608,156,-1.0450958286358507,2019
2019-08-13,1,547,1520.028,1509.545,10.482999999999947,-10.482999999999947,stop,22.490250000000003,0.4661130934516044,158,-1.0381570161213396,2019
2019-08-14,1,788,1503.895,1494.085,9.809999999999945,9.829999999999927,close,24.38190000000002,0.4023476431287118,159,0.9612640163098858,2019
2019-08-15,-1,563,1514.858,1524.228,9.370000000000118,-9.370000000000118,stop,24.559550000000023,0.38152164840154273,160,-1.0426894343649942,2019
2019-08-16,-1,558,1516.748,1527.945,11.196999999999889,2.7799999999999727,close,23.842700000000026,0.4696196320047594,161,0.21255693489327465,2019
2019-08-26,-1,597,1538.048,1549.248,11.200000000000045,9.292999999999893,close,24.646750000000054,0.454420968281823,167,0.7940178571428443,2019
2019-09-04,-1,543,1540.068,1550.045,9.97700000000009,-9.97700000000009,stop,24.631947368421105,0.40504308696237723,174,-1.0400922120878016,2019
2019-09-05,-1,657,1541.698,1552.918,11.2199999999998,23.450000000000045,close,23.845789473684267,0.4705233186924663,175,2.0543672014260657,2019
2019-09-11,1,540,1494.715,1486.258,8.45699999999988,1.009999999999991,close,22.938947368421108,0.36867428414096304,179,0.0721295967837294,2019
2019-09-12,1,592,1498.365,1489.208,9.156999999999925,0.6800000000000637,close,22.060368421052686,0.4150882625904471,180,0.030577700120133878,2019
2019-09-16,-1,700,1501.158,1512.065,10.907000000000153,2.3929999999998017,close,22.834210526315843,0.47766048173332354,182,0.18272668928209168,2019
2019-09-19,1,602,1497.298,1488.908,8.3900000000001,1.3170000000000073,close,23.42668421052636,0.3581386048747865,185,0.10929678188319385,2019
2019-10-01,-1,550,1461.848,1474.695,12.84699999999998,-12.84699999999998,stop,22.966600000000017,0.5593775308491449,193,-1.0311356736981396,2019
2019-10-10,-1,562,1505.445,1516.148,10.702999999999975,11.486999999999853,close,22.609800000000007,0.4733788003432127,200,1.0358777912734634,2019
2019-12-31,1,550,1524.068,1514.755,9.312999999999874,-6.369999999999891,close,11.516473684210556,0.8086676751381187,257,-0.7269408353913865,2019
2020-01-03,1,590,1543.768,1528.728,15.039999999999964,5.210000000000036,close,11.076315789473698,1.3578522214302635,259,0.3198138297872372,2020
2020-01-07,1,571,1569.218,1555.248,13.970000000000027,2.5269999999998163,close,12.733210526315816,1.097131000161203,261,0.1522548317823774,2020
2020-01-08,-1,653,1583.538,1611.325,27.787000000000035,23.720000000000027,close,12.558842105263178,2.212544736775934,262,0.839241371864541,2020
2020-01-14,1,641,1545.235,1535.828,9.406999999999925,1.7130000000001928,close,15.477473684210544,0.6077865284692129,266,0.13957691081111973,2020
2020-01-21,-1,596,1559.938,1568.508,8.569999999999936,1.7800000000002,close,16.362222222222222,0.52376748607904,271,0.1610268378063256,2020
2020-01-23,-1,570,1555.365,1563.498,8.133000000000038,-8.133000000000038,stop,17.326944444444443,0.46938454879202496,273,-1.0491823435386693,2020
2020-02-03,-1,542,1578.945,1590.015,11.070000000000164,2.7999999999999545,close,18.072789473684214,0.6125230427831403,280,0.2168021680216729,2020
2020-02-04,-1,620,1570.505,1579.545,9.039999999999964,15.407000000000153,close,17.98910526315789,0.5025263829276766,281,1.6600663716814394,2020
2020-02-05,1,550,1560.675,1552.025,8.649999999999864,-8.649999999999864,stop,18.659631578947376,0.46356756634783597,282,-1.0462427745664749,2020
2020-02-21,1,542,1631.795,1618.895,12.900000000000091,11.710000000000036,close,16.014631578947405,0.8055133792124346,294,0.8767441860465083,2020
2020-02-24,1,546,1667.798,1658.428,9.36999999999989,-9.36999999999989,stop,16.59042105263161,0.5647837369693279,295,-1.0426894343649953,2020
2020-02-26,1,541,1646.175,1636.805,9.36999999999989,-9.36999999999989,stop,19.160947368421102,0.48901548654334603,297,-1.0426894343649953,2020
2020-02-27,-1,577,1642.885,1652.558,9.673000000000002,-9.673000000000002,stop,19.97657894736846,0.48421704364321294,298,-1.0413522175126642,2020
2020-02-28,-1,560,1626.598,1648.118,21.519999999999982,48.37300000000005,close,20.55800000000004,1.046794435256345,299,2.2292286245353203,2020
2020-03-02,1,647,1606.518,1581.515,25.00299999999993,-21.0,close,24.135315789473715,1.0359508124150851,300,-0.8558972923249234,2020
2020-03-03,1,787,1601.098,1589.658,11.440000000000055,34.539999999999964,close,24.73231578947372,0.4625527224130388,301,2.984265734265717,2020
2020-03-06,1,697,1680.968,1667.498,13.470000000000027,-13.470000000000027,stop,28.073578947368453,0.47981057296802804,304,-1.0296956198960654,2020
2020-03-11,1,603,1665.275,1650.545,14.730000000000018,-14.730000000000018,stop,33.31905263157896,0.44208940040627964,307,-1.0271554650373387,2020
2020-03-13,1,636,1591.228,1551.265,39.962999999999965,-39.962999999999965,stop,38.91152631578948,1.027022164992377,309,-1.0100092585641718,2020
2020-03-16,-1,753,1523.845,1560.718,36.87300000000005,14.777000000000044,close,43.23542105263159,0.8528423940896424,310,0.38990589320098784,2020
2020-03-17,-1,662,1482.538,1519.238,36.700000000000045,-36.700000000000045,stop,47.281500000000015,0.776202108647146,311,-1.0108991825613078,2020
2020-03-18,-1,640,1504.808,1539.828,35.01999999999998,9.720000000000027,close,50.562500000000014,0.6926081582200242,312,0.2661336379211888,2020
2020-03-20,1,627,1505.388,1470.668,34.72000000000003,-16.24000000000001,close,54.42100000000003,0.6379890115947889,314,-0.4792626728110598,2020
2020-03-24,1,678,1584.328,1557.015,27.312999999999874,42.22000000000003,close,57.99100000000003,0.47098687727405736,316,1.5311390180500208,2020
2020-03-25,-1,631,1603.778,1631.705,27.926999999999907,-5.089999999999918,close,60.05215000000002,0.46504579769416915,317,-0.19658395101514436,2020
2020-03-26,1,789,1612.308,1595.301,17.007000000000062,16.0329999999999,close,60.771550000000026,0.2798513449138627,318,0.9192097371670397,2020
2020-03-27,-1,619,1619.748,1628.048,8.299999999999955,-8.299999999999955,stop,62.02010000000003,0.1338275817033502,319,-1.0481927710843377,2020
2020-04-01,1,542,1589.118,1574.968,14.149999999999864,-14.149999999999864,stop,59.14784210526318,0.2392310437093824,322,-1.0282685512367493,2020
2020-04-02,1,606,1595.728,1582.818,12.910000000000082,18.11999999999989,close,59.767315789473706,0.21600434668129778,323,1.372579395817179,2020
2020-04-06,1,547,1621.968,1611.828,10.1400000000001,43.98000000000002,close,58.052842105263174,0.17466845088503927,325,4.297830374753411,2020
2020-04-07,-1,625,1656.0,1674.828,18.827999999999975,-0.8479999999999563,close,58.77063157894738,0.32036409162471,326,-0.06628425748884416,2020
2020-04-08,1,607,1651.528,1640.398,11.13000000000011,-5.960000000000036,close,58.44415789473686,0.1904381960648014,327,-0.5714285714285692,2020
2020-04-13,1,612,1691.138,1678.848,12.289999999999964,25.470000000000027,close,54.978789473684245,0.22354075303681628,329,2.0398698128559887,2020
2020-04-14,-1,568,1711.238,1725.548,14.309999999999945,-14.309999999999945,stop,52.56410526315792,0.2722390104113462,330,-1.0279524807826697,2020
2020-04-15,-1,559,1719.645,1730.998,11.353000000000065,-1.9230000000000018,close,48.076368421052656,0.23614512436901502,331,-0.2046155201268377,2020
2020-04-17,-1,542,1692.618,1718.528,25.910000000000082,8.919999999999845,close,42.42726315789476,0.6106922311621888,333,0.3288305673485071,2020
2020-04-20,1,575,1683.548,1671.598,11.950000000000045,12.230000000000018,close,42.60673684210528,0.2804720775563054,334,0.9899581589958136,2020
2020-04-22,1,620,1691.701,1679.908,11.79300000000012,26.29099999999994,close,38.867315789473686,0.30341688795483995,336,2.1954549308911795,2020
2020-04-23,1,664,1719.648,1707.328,12.319999999999936,12.910000000000082,close,36.68100000000002,0.33586870586952183,337,1.0154220779220897,2020
2020-04-24,1,572,1730.208,1720.768,9.440000000000055,-9.440000000000055,stop,35.98268421052633,0.2623484102733639,338,-1.042372881355932,2020
2020-04-28,1,742,1712.102,1692.258,19.84400000000005,-19.84400000000005,stop,34.656473684210546,0.5725914350322652,340,-1.020157226365652,2020
2020-04-29,-1,660,1704.008,1713.138,9.129999999999882,-9.129999999999882,stop,34.137000000000015,0.26745173858276583,341,-1.043811610076671,2020
2020-05-01,-1,540,1672.278,1690.338,18.059999999999945,-18.059999999999945,stop,33.13565000000001,0.5450323141389994,343,-1.0221483942414176,2020
2020-05-04,1,566,1701.278,1692.558,8.720000000000027,2.6099999999999,close,33.01205000000001,0.26414597094091474,344,0.2534403669724648,2020
2020-05-08,1,717,1720.568,1711.128,9.440000000000055,-9.440000000000055,stop,32.12265,0.29387363744896683,348,-1.042372881355932,2020
2020-05-11,-1,751,1701.988,1712.058,10.069999999999936,5.269999999999982,close,30.90374999999999,0.32585042268332937,349,0.4836146971201601,2020
2020-05-12,1,621,1702.838,1693.605,9.232999999999947,-1.0399999999999636,close,29.53799999999999,0.31258040490215827,350,-0.15596230910862902,2020
2020-05-18,1,668,1764.525,1745.698,18.826999999999998,-18.826999999999998,stop,27.061499999999988,0.6957116198289085,354,-1.0212460827534922,2020
2020-05-21,-1,552,1737.605,1748.538,10.932999999999993,12.509999999999991,close,25.199099999999977,0.4338647015171178,357,1.1076557212110123,2020
2020-05-26,-1,709,1725.585,1735.325,9.740000000000009,14.079999999999927,close,24.887315789473643,0.3913640218331479,360,1.4045174537987593,2020
2020-05-27,-1,718,1705.005,1715.895,10.889999999999873,-8.402999999999793,close,25.01889473684208,0.43527102673978574,361,-0.8083562901744624,2020
2020-05-28,1,540,1719.508,1708.555,10.952999999999975,-0.16000000000008185,close,25.16121052631577,0.4353129190085819,362,-0.051127544964857406,2020
2020-05-29,1,676,1722.888,1712.428,10.459999999999809,8.460000000000036,close,24.103842105263144,0.4339557135464241,363,0.7705544933078569,2020
2020-06-03,-1,652,1720.455,1731.908,11.452999999999975,22.996999999999844,close,23.46068421052629,0.4881784306555419,366,1.9730201693879241,2020
2020-06-05,-1,762,1706.925,1715.988,9.063000000000102,25.589999999999918,close,23.610421052631565,0.3838559244579825,368,2.7794328588767114,2020
2020-06-08,1,565,1691.448,1677.478,13.970000000000027,7.026999999999816,close,24.85636842105263,0.5620290045334152,369,0.47437365783821067,2020
2020-06-09,-1,567,1693.705,1704.626,10.92100000000005,-10.92100000000005,stop,25.146736842105263,0.4342909407519673,370,-1.0366266825382289,2020
2020-06-12,1,546,1730.228,1722.135,8.093000000000075,0.8969999999999345,close,26.32936842105262,0.3073753942965459,373,0.06141109600888792,2020
2020-06-15,-1,547,1720.965,1734.038,13.073000000000093,-5.100000000000136,close,26.215842105263164,0.4986679408393111,374,-0.42071444962901383,2020
2020-06-16,-1,545,1724.028,1732.725,8.696999999999889,-8.696999999999889,stop,25.882842105263165,0.3360141040396561,375,-1.0459928711049793,2020
2020-06-22,-1,622,1744.768,1758.598,13.829999999999927,-13.829999999999927,stop,25.906157894736847,0.5338499076626744,379,-1.0289226319595084,2020
2020-06-23,-1,602,1747.635,1760.378,12.742999999999938,-12.742999999999938,stop,25.633850000000006,0.49711611794560456,380,-1.0313897826257554,2020
2020-06-26,1,710,1766.238,1758.058,8.180000000000064,-8.180000000000064,stop,25.04414999999999,0.32662318345801583,383,-1.048899755501222,2020
2020-07-10,1,699,1804.128,1795.708,8.419999999999845,-8.419999999999845,stop,21.413578947368393,0.39320844127434457,393,-1.047505938242281,2020
2020-07-23,1,660,1876.415,1863.909,12.505999999999858,9.513000000000147,close,20.26515789473683,0.6171183104005252,402,0.7286902286902487,2020
2020-07-24,1,606,1890.068,1881.265,8.802999999999884,12.326999999999998,close,21.26947368421051,0.41387954073047095,403,1.3548790185164326,2020
2020-07-27,1,839,1944.428,1905.208,39.22000000000003,-5.7800000000002,close,21.301736842105235,1.8411644219769614,404,-0.15757266700663428,2020
2020-07-28,-1,631,1932.808,1980.98,48.172000000000025,-22.549999999999955,close,23.178947368421035,2.078265213442328,405,-0.47641783608735244,2020
2020-07-30,-1,585,1955.678,1970.538,14.8599999999999,-0.2899999999999636,close,26.458947368421043,0.5616247612985323,407,-0.04643337819649854,2020
2020-07-31,1,546,1974.055,1955.358,18.697000000000116,-0.1470000000001619,close,26.996473684210525,0.6925719343462056,408,-0.029256030379213697,2020
2020-08-03,-1,794,1969.555,1984.278,14.722999999999956,-6.883000000000038,close,27.112150000000007,0.5430406662695489,409,-0.494668206207978,2020
2020-08-05,1,582,2030.815,2009.338,21.47700000000009,5.592999999999847,close,29.041800000000013,0.7395202776687423,411,0.2417935465847104,2020
2020-08-06,1,543,2050.005,2034.385,15.620000000000118,12.940000000000055,close,30.037300000000027,0.5200201083319774,412,0.8028169014084481,2020
2020-08-11,-1,552,2005.038,2029.935,24.896999999999935,89.04999999999995,close,33.69155000000001,0.738968673153949,415,3.56066996023618,2020
2020-08-14,-1,583,1944.668,1962.075,17.407000000000153,1.7829999999999018,close,41.89026315789474,0.41553809137910813,418,0.07945079565691329,2020
2020-08-17,1,550,1949.198,1929.348,19.850000000000136,34.789999999999964,close,42.61552631578948,0.46579267501960925,419,1.7324937027707672,2020
2020-08-18,1,565,1999.278,1980.618,18.660000000000082,-18.660000000000082,stop,45.05010526315791,0.4142054694655792,420,-1.0214362272240085,2020
2020-08-19,-1,601,1984.125,2005.978,21.853000000000065,44.01999999999998,close,45.674842105263174,0.4784471930879847,421,1.9960646135541964,2020
2020-08-20,-1,797,1924.805,1955.125,30.319999999999936,-27.659999999999854,close,47.81536842105265,0.6341057488673522,422,-0.9254617414247992,2020
2020-08-21,-1,614,1940.475,1955.765,15.290000000000191,2.3899999999998727,close,47.611052631578964,0.3211439183736677,423,0.13015042511444394,2020
2020-08-25,-1,680,1926.365,1937.425,11.059999999999945,-2.7129999999999654,close,48.22352631578949,0.2293486363393265,425,-0.28146473779384995,2020
2020-08-26,-1,543,1917.775,1931.358,13.582999999999856,-13.582999999999856,stop,45.53852631578948,0.29827491354919516,426,-1.029448575425164,2020
2020-08-27,-1,555,1938.078,1953.945,15.866999999999962,-15.866999999999962,stop,46.166947368421056,0.34368744100358795,427,-1.0252095544211255,2020
2020-08-28,1,574,1945.345,1923.288,22.057000000000016,17.940000000000055,close,47.988,0.4596357422689009,428,0.795212404225418,2020
2020-08-31,-1,545,1965.588,1976.465,10.876999999999953,-2.0799999999999272,close,49.099578947368414,0.22152939461373786,429,-0.22800404523305487,2020
2020-09-01,1,619,1989.778,1965.135,24.64300000000003,-24.64300000000003,stop,48.76115789473683,0.5053817641738146,430,-1.016231789960638,2020
2020-09-02,-1,629,1958.678,1973.118,14.439999999999827,15.070000000000164,close,47.61905263157893,0.3032399680799998,431,1.0159279778393586,2020
2020-09-03,-1,540,1931.948,1950.905,18.95699999999988,2.883000000000038,close,47.3232631578947,0.4005852245807648,432,0.13098064039669008,2020
2020-09-08,1,540,1931.858,1922.698,9.159999999999854,-9.159999999999854,stop,46.33961111111109,0.19767105895723655,435,-1.0436681222707431,2020
2020-09-09,-1,832,1923.008,1934.358,11.349999999999909,-11.349999999999909,stop,41.5832222222222,0.27294662109985396,436,-1.035242290748899,2020
2020-09-15,1,834,1969.215,1954.988,14.226999999999862,-14.226999999999862,stop,36.9842631578947,0.38467712440995194,440,-1.0281155549307657,2020
2020-09-16,1,610,1962.928,1949.798,13.13000000000011,-4.630000000000109,close,36.15005263157891,0.3632083232025612,441,-0.38309215536938823,2020
2020-09-17,-1,750,1937.578,1960.865,23.287000000000035,-10.519999999999982,close,33.61584210526312,0.6927388558965794,442,-0.46893116330999984,2020
2020-09-18,1,714,1955.435,1945.768,9.666999999999916,-9.666999999999916,stop,33.49389473684208,0.28861976416754437,443,-1.0413778835212584,2020
2020-09-21,-1,663,1946.868,1955.458,8.590000000000146,35.76299999999992,close,32.010894736842076,0.26834613873237717,444,4.1167636786960795,2020
2020-09-22,-1,560,1906.568,1919.888,13.319999999999936,4.192999999999984,close,33.84789473684208,0.3935252134160548,445,0.2847597597597599,2020
2020-09-23,-1,549,1882.125,1905.208,23.083000000000084,20.190000000000055,close,33.958947368421015,0.679732494343018,446,0.8573409002296055,2020
2020-09-24,-1,593,1848.848,1868.798,19.950000000000045,-19.950000000000045,stop,33.85999999999997,0.589190785587716,447,-1.020050125313283,2020
2020-09-25,1,601,1873.798,1861.665,12.133000000000038,-12.133000000000038,stop,31.836473684210503,0.38110376545934715,448,-1.032967938679634,2020
2020-09-28,-1,540,1856.045,1864.938,8.893000000000029,-8.893000000000029,stop,30.381052631578925,0.29271533504261776,449,-1.0449791971213314,2020
2020-09-30,-1,548,1887.025,1899.235,12.209999999999809,-12.209999999999809,stop,30.722631578947357,0.39742689257018904,451,-1.0327600327600333,2020
2020-10-01,1,555,1895.415,1884.555,10.8599999999999,8.323000000000093,close,29.679842105263152,0.3659049115383969,452,0.7295580110497389,2020
2020-10-02,1,563,1908.938,1889.638,19.300000000000182,-7.333000000000084,close,29.586473684210517,0.6523251201206873,453,-0.4006735751295343,2020
2020-10-05,-1,541,1891.418,1904.158,12.740000000000009,-12.740000000000009,stop,29.369631578947363,0.43378140327549264,454,-1.031397174254317,2020
2020-10-07,1,548,1887.155,1872.748,14.406999999999925,-0.14699999999993452,close,29.48850000000001,0.48856333825050174,456,-0.03796765461233688,2020
2020-10-09,1,653,1912.788,1894.908,17.88000000000011,15.946999999999889,close,28.877850000000002,0.6191596673575113,458,0.8695190156599437,2020
2020-10-12,-1,739,1921.355,1933.048,11.692999999999984,-1.9429999999999836,close,29.80435000000001,0.39232528137671113,459,-0.20037629350893585,2020
2020-10-14,1,581,1897.748,1882.395,15.353000000000065,1.3869999999999436,close,30.04535000000002,0.5109942137468878,461,0.06428711001106881,2020
2020-10-15,1,641,1901.888,1891.778,10.1099999999999,-10.1099999999999,stop,30.383500000000016,0.33274639195615696,462,-1.0395647873392684,2020
2020-10-19,1,542,1908.908,1896.878,12.029999999999973,-8.13299999999981,close,29.916500000000006,0.4021192318620149,464,-0.7093100581878495,2020
2020-10-20,1,733,1904.068,1894.618,9.450000000000045,5.630000000000109,close,27.335350000000005,0.3457062009449319,465,0.5534391534391623,2020
2020-10-21,1,658,1920.345,1910.065,10.279999999999973,4.099999999999909,close,27.03220000000001,0.3802872130274254,466,0.35992217898831896,2020
2020-10-27,-1,674,1901.818,1910.315,8.497000000000071,-8.497000000000071,stop,24.901699999999995,0.34122168366015465,470,-1.0470754383900196,2020
2020-10-28,-1,681,1902.365,1910.768,8.40300000000002,25.447000000000116,close,24.400699999999983,0.3443753662804766,471,2.9807211710103605,2020
2020-10-29,-1,797,1875.675,1884.858,9.182999999999993,6.537000000000035,close,25.434849999999983,0.36104006903913327,472,0.6683001197865663,2020
2020-10-30,1,896,1877.995,1864.258,13.736999999999853,-0.3999999999998636,close,25.310699999999986,0.5427348907774128,473,-0.05823687850330292,2020
2020-11-02,1,593,1885.528,1873.308,12.220000000000027,9.779999999999973,close,25.21584999999999,0.484615826950114,474,0.767594108019636,2020
2020-11-03,-1,567,1890.455,1898.508,8.053000000000111,-8.053000000000111,stop,24.750499999999988,0.32536716429971574,475,-1.0496709300881653,2020
2020-11-05,1,543,1910.445,1902.358,8.086999999999989,38.52300000000014,close,24.734649999999988,0.32695024995300087,477,4.714109063929787,2020
2020-11-06,1,589,1947.208,1935.468,11.740000000000009,4.996999999999844,close,26.337649999999986,0.44574971571115934,478,0.391567291311741,2020
2020-11-09,-1,814,1952.498,1965.415,12.916999999999916,87.08300000000008,close,25.765149999999984,0.5013361071059134,479,6.710768754354776,2020
2020-11-10,1,543,1889.338,1867.375,21.962999999999965,-21.962999999999965,stop,30.771499999999982,0.7137448613164772,480,-1.0182124482083503,2020
2020-11-11,-1,567,1876.288,1884.378,8.089999999999918,12.623000000000047,close,30.324149999999985,0.26678406484600303,481,1.5108776266996502,2020
2020-11-12,1,697,1872.528,1862.588,9.940000000000055,3.007000000000062,close,30.210999999999977,0.32901923140578143,482,0.2622736418511114,2020
2020-11-16,-1,558,1887.508,1898.928,11.420000000000073,0.06300000000010186,close,30.643999999999984,0.37266675368751073,484,-0.02950963222415902,2020
2020-11-17,-1,607,1884.198,1892.368,8.169999999999845,-8.169999999999845,stop,31.292499999999983,0.26108492450267157,485,-1.0489596083231343,2020
2020-11-19,-1,612,1858.053,1872.778,14.724999999999909,-8.449999999999818,close,31.038649999999997,0.4744085197004351,487,-0.6010186757215533,2020
2020-11-20,-1,582,1861.105,1869.688,8.583000000000084,-8.583000000000084,stop,30.525150000000007,0.28117797946939105,488,-1.0466037516020035,2020
2020-11-24,-1,749,1821.188,1836.188,15.0,13.870000000000118,close,31.862000000000013,0.47078023978406863,490,0.8980000000000079,2020
2020-11-25,1,613,1812.058,1801.495,10.563000000000102,-5.442999999999984,close,33.12850000000002,0.3188493291274913,491,-0.5531572469942183,2020
2020-12-03,1,567,1837.158,1826.138,11.019999999999982,-11.019999999999982,stop,33.125187500000024,0.3326773622036094,497,-1.0362976406533577,2020
2020-12-08,-1,783,1861.0,1871.718,10.718000000000075,-10.718000000000075,stop,26.596000000000032,0.4029929312678621,500,-1.0373203955961932,2020
2020-12-09,-1,820,1855.538,1870.428,14.8900000000001,17.59999999999991,close,25.653500000000022,0.5804276219619189,501,1.1551376762928003,2020
2020-12-10,-1,540,1834.108,1842.355,8.247000000000071,-8.247000000000071,stop,26.739437500000022,0.30842084841912115,502,-1.0485024857523944,2020
2020-12-15,1,545,1840.795,1825.348,15.447000000000116,13.532999999999902,close,26.116625000000013,0.5914623348154713,505,0.8501974493429016,2020
2020-12-17,1,546,1871.195,1861.898,9.297000000000025,13.053000000000111,close,26.934687499999995,0.3451682890324986,507,1.3609766591373642,2020
2020-12-18,-1,612,1878.408,1886.655,8.247000000000071,-8.247000000000071,stop,27.73593749999999,0.2973398681764434,508,-1.0485024857523944,2020
2020-12-21,-1,707,1882.808,1906.638,23.829999999999927,7.400000000000091,close,27.332999999999984,0.8718399004865891,509,0.29374737725556493,2020
2020-12-22,-1,554,1867.858,1884.238,16.38000000000011,6.572999999999865,close,27.734437499999984,0.5906014859684866,510,0.3768620268620161,2020
2020-12-28,-1,776,1877.208,1900.098,22.889999999999873,3.813000000000102,close,27.21943749999997,0.8409431679107953,513,0.14910441240716998,2020
2020-12-30,-1,611,1877.488,1886.008,8.519999999999982,-8.519999999999982,stop,26.737444444444414,0.3186542385418698,515,-1.046948356807512,2020
2021-01-04,1,600,1925.475,1909.858,15.616999999999962,18.063000000000102,close,25.759368421052613,0.6062648642905585,517,1.1310110776717772,2021
2021-01-05,1,665,1943.915,1934.178,9.736999999999853,5.380000000000109,close,26.859368421052608,0.36251783166903906,518,0.511451165656792,2021
2021-01-06,1,646,1955.178,1941.305,13.873000000000047,-13.873000000000047,stop,26.840789473684183,0.5168625913034975,519,-1.0288329849347653,2021
2021-01-07,-1,741,1914.595,1927.518,12.923000000000002,1.1870000000001255,close,27.463421052631535,0.4705531759948648,520,0.060899172018890765,2021
2021-01-08,-1,597,1905.818,1916.548,10.730000000000018,58.136999999999944,close,27.768315789473647,0.38641162400160844,521,5.380894687791225,2021
2021-01-11,1,556,1849.288,1816.888,32.40000000000009,-4.232999999999947,close,30.07105263157892,1.0774481491205081,522,-0.1429938271604918,2021
2021-01-12,1,552,1860.495,1841.162,19.332999999999856,-19.332999999999856,stop,31.03157894736839,0.6230105156037952,523,-1.020690011896757,2021
2021-01-13,-1,634,1854.445,1862.892,8.447000000000116,5.766999999999825,close,31.209210526315772,0.27065727897466557,524,0.6353735053864983,2021
2021-01-15,1,705,1855.498,1846.625,8.873000000000047,-8.873000000000047,stop,30.850105263157886,0.28761652267671345,526,-1.0450805815395017,2021
2021-01-20,1,558,1854.365,1839.292,15.073000000000093,-15.073000000000093,stop,31.37661111111111,0.4803896745452676,529,-1.0265375174152456,2021
2021-01-21,-1,574,1866.792,1874.915,8.123000000000047,-1.9860000000001037,close,30.649944444444447,0.26502495019929495,530,-0.2937338421765468,2021
2021-01-22,-1,705,1857.101,1869.831,12.72999999999979,2.9700000000000273,close,30.171666666666663,0.42191901894712897,531,0.20188531029065748,2021
2021-01-25,1,768,1859.895,1849.165,10.730000000000018,-10.730000000000018,stop,30.838333333333342,0.3479435767172896,532,-1.037278657968313,2021
2021-01-26,-1,572,1853.058,1861.635,8.576999999999998,1.8330000000000837,close,30.305263157894736,0.28302014588398744,533,0.1670747347557519,2021
2021-01-27,1,602,1851.345,1843.268,8.076999999999998,-8.076999999999998,stop,29.36894736842105,0.2750183688464364,534,-1.0495233378729727,2021
2021-01-29,1,665,1851.585,1839.418,12.167000000000144,-9.910000000000082,close,30.403736842105253,0.40018107192502794,536,-0.8473740445467215,2021
2021-02-01,1,610,1867.035,1848.892,18.14300000000003,-8.269999999999982,close,31.48436842105262,0.57625421470638,537,-0.4778702529901322,2021
2021-02-02,-1,552,1852.625,1863.975,11.349999999999909,16.829999999999927,close,30.520368421052616,0.3718827978554415,538,1.4475770925110185,2021
2021-02-03,-1,586,1836.405,1844.785,8.38000000000011,3.5699999999999363,close,31.3577894736842,0.2672382250360057,539,0.378281622911682,2021
2021-02-04,-1,666,1815.838,1834.635,18.797000000000025,22.36999999999989,close,29.091842105263165,0.6461261522040007,540,1.1688035324785797,2021
2021-02-08,-1,651,1808.313,1818.805,10.491999999999962,-10.491999999999962,stop,27.131210526315797,0.3867133016355202,542,-1.0381242851696533,2021
2021-02-09,1,591,1843.138,1829.808,13.329999999999927,-7.3129999999998745,close,26.69136842105264,0.4994123864209966,543,-0.5786196549137222,2021
2021-02-10,1,558,1845.315,1833.915,11.400000000000091,-2.900000000000091,close,26.29689473684211,0.43351126108546273,544,-0.289473684210532,2021
2021-02-11,1,548,1843.765,1833.895,9.870000000000118,-9.870000000000118,stop,26.512684210526317,0.37227464113503217,545,-1.0405268490374868,2021
2021-02-12,-1,540,1818.548,1827.848,9.299999999999955,-9.299999999999955,stop,26.382210526315788,0.3525102640934265,546,-1.0430107526881722,2021
2021-02-16,-1,830,1817.995,1826.375,8.38000000000011,22.919999999999845,close,25.67731578947368,0.3263581002277294,548,2.6873508353221425,2021
2021-02-17,-1,603,1786.455,1795.015,8.560000000000173,11.939999999999827,close,26.966684210526314,0.31742871808684653,549,1.3481308411214479,2021
2021-02-18,1,645,1785.611,1776.915,8.69600000000014,-8.69600000000014,stop,26.282157894736848,0.33087085295007546,550,-1.0459981600735964,2021
2021-02-22,1,593,1794.935,1780.545,14.389999999999873,13.15300000000002,close,26.383789473684207,0.5454106588575074,552,0.8862404447533101,2021
2021-02-23,-1,681,1806.065,1815.875,9.809999999999945,1.4800000000000182,close,26.977473684210533,0.3636367183537121,553,0.11009174311926853,2021
2021-02-24,-1,588,1805.015,1813.745,8.72999999999979,2.509999999999991,close,27.354315789473695,0.31914525178360376,554,0.2416953035509784,2021
2021-02-25,-1,549,1793.115,1804.105,10.990000000000009,23.65000000000009,close,27.79805263157896,0.3953514350683408,555,2.1155595996360392,2021
2021-02-26,-1,555,1757.818,1775.605,17.787000000000035,31.083000000000084,close,28.323789473684226,0.6279880033893779,556,1.7250238938550642,2021
2021-03-01,1,555,1756.125,1737.185,18.940000000000055,-18.940000000000055,stop,29.503315789473703,0.6419617420343491,557,-1.021119324181626,2021
2021-03-02,1,750,1728.376,1707.066,21.309999999999945,4.670000000000073,close,30.421526315789485,0.7004908228072553,558,0.20037541060535352,2021
2021-03-04,1,553,1719.959,1706.564,13.394999999999982,-13.394999999999982,stop,31.469578947368422,0.42564916494124594,560,-1.0298618887644644,2021
2021-03-05,1,554,1699.354,1687.194,12.160000000000082,-12.160000000000082,stop,30.580052631578944,0.397644835556721,561,-1.032894736842105,2021
2021-03-08,-1,540,1703.788,1714.168,10.379999999999882,23.353000000000065,close,30.44426315789474,0.34095093535900417,562,2.2112716763006097,2021
2021-03-09,1,566,1694.33,1680.014,14.316000000000031,21.63499999999999,close,30.767894736842102,0.46529020339041144,563,1.4833053925677526,2021
2021-03-10,-1,807,1709.544,1719.475,9.930999999999813,-9.930999999999813,stop,31.861052631578954,0.31169717193074603,564,-1.0402779176316592,2021
2021-03-11,1,565,1735.848,1723.134,12.713999999999942,-12.713999999999942,stop,31.688421052631586,0.40121910709540065,565,-1.031461381154633,2021
2021-03-12,-1,553,1709.584,1727.895,18.310999999999922,-13.820999999999913,close,31.38447368421053,0.5834413597068588,566,-0.7766369941565165,2021
2021-03-17,-1,856,1729.535,1737.904,8.368999999999915,-8.368999999999915,stop,29.790449999999986,0.2809289554202746,569,-1.047795435535907,2021
2021-03-18,-1,622,1747.405,1755.408,8.002999999999929,12.684999999999945,close,29.884599999999978,0.26779679165857784,570,1.5350493564913226,2021
2021-03-19,1,630,1743.425,1728.391,15.033999999999878,-0.9069999999999254,close,30.641249999999978,0.4906457797903117,571,-0.08693627777038286,2021
2021-03-22,-1,600,1729.436,1742.988,13.552000000000135,-9.97199999999998,close,29.93784999999998,0.4526711169973844,572,-0.7653482880755518,2021
2021-03-23,1,788,1740.418,1730.918,9.5,-9.5,stop,29.32284999999998,0.3239794221912265,573,-1.0421052631578949,2021
2021-03-24,1,761,1734.309,1723.624,10.684999999999945,-1.3740000000000236,close,29.190349999999977,0.3660456280928442,574,-0.16602714085166426,2021
2021-03-30,-1,541,1704.505,1714.318,9.812999999999874,22.527000000000044,close,24.656105263157865,0.3979947317414665,578,2.2548659940895064,2021
2021-03-31,1,572,1686.315,1677.788,8.527000000000044,21.419999999999845,close,24.8865789473684,0.3426344785289069,579,2.4651108244399835,2021
2021-04-01,1,580,1714.928,1705.638,9.290000000000191,14.086999999999989,close,24.82452631578946,0.37422667735220205,580,1.4733046286329072,2021
2021-04-06,1,540,1737.568,1727.108,10.460000000000036,4.836999999999989,close,23.945736842105255,0.4368209702199507,582,0.4241873804971294,2021
2021-04-08,1,636,1745.298,1733.058,12.240000000000009,10.480000000000018,close,21.52536842105262,0.5686313823102247,584,0.8235294117647067,2021
2021-04-13,-1,573,1724.878,1736.278,11.400000000000091,-11.400000000000091,stop,21.616052631578956,0.5273858365493521,587,-1.0350877192982453,2021
2021-04-15,1,543,1742.958,1734.248,8.710000000000036,21.829999999999927,close,22.361631578947396,0.3895064619613965,589,2.4603903559127254,2021
2021-04-19,1,643,1783.455,1773.018,10.436999999999898,-10.436999999999898,stop,22.1318421052632,0.47158297761024887,591,-1.0383251892306222,2021
2021-04-20,-1,688,1765.488,1775.578,10.089999999999918,-10.089999999999918,stop,22.470947368421104,0.44902423714362877,592,-1.0396432111000995,2021
2021-04-21,1,548,1785.638,1776.168,9.470000000000027,8.790000000000191,close,22.32005263157899,0.4242821536451767,593,0.8859556494192362,2021
2021-04-28,-1,606,1766.325,1776.175,9.849999999999909,-9.849999999999909,stop,22.352250000000062,0.4406715207641236,598,-1.040609137055838,2021
2021-05-03,1,561,1775.578,1767.235,8.343000000000075,16.067000000000007,close,20.632700000000046,0.4043581305403586,601,1.8778616804506612,2021
2021-05-04,-1,757,1783.788,1793.078,9.289999999999964,-9.289999999999964,stop,21.61035000000004,0.4298866052609026,602,-1.0430570505920347,2021
2021-05-06,1,541,1792.315,1781.878,10.437000000000126,22.982999999999947,close,22.21935000000003,0.4697257120482872,604,2.163744370987801,2021
2021-05-07,1,697,1822.158,1812.748,9.409999999999854,9.907000000000153,close,22.747500000000038,0.4136718320694511,605,1.010308182784304,2021
2021-05-10,1,806,1839.058,1830.0,9.057999999999993,-1.1099999999999,close,22.965350000000022,0.39442028969730414,606,-0.16670346654889612,2021
2021-05-13,-1,710,1813.155,1822.915,9.759999999999991,-9.759999999999991,stop,23.168050000000015,0.4212698090689542,609,-1.0409836065573772,2021
2021-05-25,1,577,1880.828,1872.614,8.213999999999942,19.089999999999918,close,22.694799999999997,0.3619331300562218,617,2.275383491599714,2021
2021-05-26,1,644,1907.638,1896.848,10.789999999999964,-10.789999999999964,stop,23.472349999999995,0.4596898052389286,618,-1.0370713623725674,2021
2021-05-27,1,542,1902.105,1892.008,10.09699999999998,-10.09699999999998,stop,23.582849999999997,0.4281501175642461,619,-1.0396157274437954,2021
2021-05-28,-1,557,1889.498,1898.398,8.899999999999864,-8.899999999999864,stop,22.654999999999994,0.39284926064885745,620,-1.0449438202247199,2021
2021-06-03,-1,546,1900.368,1909.498,9.13000000000011,29.019999999999982,close,22.519777777777776,0.40542140735551463,624,3.134720700985722,2021
2021-06-04,1,584,1872.028,1855.315,16.712999999999965,19.819999999999936,close,22.97772222222222,0.7273566909010888,625,1.161969724166815,2021
2021-06-07,-1,540,1883.368,1891.768,8.400000000000091,-8.400000000000091,stop,23.553055555555552,0.3566416247007387,626,-1.0476190476190472,2021
2021-06-08,-1,540,1894.828,1903.238,8.410000000000082,-8.410000000000082,stop,23.736055555555556,0.3543132927168969,627,-1.0475624256837095,2021
2021-06-14,-1,560,1860.094,1875.598,15.503999999999905,-5.973999999999933,close,23.59066666666668,0.657209065732206,631,-0.4111197110423099,2021
2021-06-15,1,544,1867.798,1858.548,9.25,-9.25,stop,23.89733333333335,0.38707247670590833,632,-1.0432432432432432,2021
2021-06-17,-1,548,1814.318,1825.228,10.910000000000082,42.24000000000001,close,24.107333333333358,0.45255938718509187,634,3.835013748854234,2021
2021-06-18,1,628,1787.098,1773.628,13.470000000000027,-13.470000000000027,stop,26.22272222222225,0.5136766459961574,635,-1.0296956198960654,2021
2021-06-21,1,550,1776.768,1766.378,10.3900000000001,6.309999999999945,close,27.129611111111128,0.38297637063233836,636,0.568816169393637,2021
2021-06-22,-1,612,1779.208,1789.995,10.786999999999807,2.9600000000000364,close,27.72572222222224,0.38906110050233417,637,0.23732270325392438,2021
2021-06-28,1,540,1785.678,1770.518,15.160000000000082,-6.443000000000211,close,26.805388888888892,0.5655579205673847,641,-0.45138522427441785,2021
2021-06-30,-1,540,1756.488,1764.538,8.049999999999955,-8.049999999999955,stop,26.301350000000003,0.30606793947839,643,-1.0496894409937891,2021
2021-07-01,1,540,1777.155,1765.528,11.626999999999953,-1.1769999999999072,close,26.61685,0.4368285503355939,644,-0.13563257934118117,2021
2021-07-06,1,540,1804.145,1790.708,13.436999999999898,-13.436999999999898,stop,24.559000000000005,0.5471313978582147,647,-1.0297685495274245,2021
2021-07-07,1,573,1802.798,1793.746,9.051999999999907,0.6099999999999,close,24.817421052631563,0.3647437814268804,648,0.023199292973917596,2021
2021-07-08,1,627,1805.408,1796.128,9.279999999999973,-9.279999999999973,stop,25.039631578947354,0.3706124816869249,649,-1.0431034482758623,2021
2021-07-09,-1,565,1799.218,1807.648,8.429999999999836,-8.429999999999836,stop,24.753894736842085,0.34055247021201773,650,-1.0474495848161338,2021
2021-07-12,-1,552,1800.225,1810.708,10.483000000000175,-6.033000000000129,close,24.07863157894734,0.43536527255003027,651,-0.6136602117714416,2021
2021-07-14,1,543,1813.775,1804.448,9.326999999999998,13.452999999999975,close,23.38842105263156,0.3987870741257485,653,1.3994853650691517,2021
2021-07-26,1,624,1809.108,1798.278,10.829999999999927,-10.829999999999927,stop,20.039947368421064,0.5404205809974248,661,-1.0369344413665746,2021
2021-07-29,1,587,1818.108,1808.238,9.86999999999989,10.6400000000001,close,18.958526315789484,0.5206100851720593,664,1.0374873353596974,2021
2021-08-02,-1,565,1808.348,1816.758,8.410000000000082,-8.410000000000082,stop,19.43447368421053,0.43273618502119543,666,-1.0475624256837095,2021
2021-08-09,1,580,1746.578,1684.878,61.700000000000045,-17.839999999999918,close,19.931600000000014,3.095586907222702,671,-0.2956239870340341,2021
2021-08-11,1,797,1735.058,1723.988,11.069999999999936,17.680000000000064,close,23.763300000000015,0.4658443902993241,673,1.5609756097561125,2021
2021-08-16,-1,545,1772.808,1782.448,9.6400000000001,-9.6400000000001,stop,24.377999999999997,0.39543851013209047,676,-1.0414937759336096,2021
2021-08-17,1,541,1792.368,1784.308,8.059999999999945,-8.059999999999945,stop,24.187299999999993,0.3332327295729555,677,-1.049627791563276,2021
2021-08-19,1,740,1788.848,1774.358,14.490000000000009,-7.930000000000064,close,23.808249999999987,0.608612560772002,679,-0.5748792270531442,2021
2021-08-20,1,545,1786.848,1778.628,8.220000000000027,-8.220000000000027,stop,23.943249999999978,0.3433117893352003,680,-1.048661800486618,2021
2021-08-23,1,717,1788.555,1776.388,12.167000000000144,15.082999999999856,close,23.403349999999968,0.5198828372861218,681,1.2067888550998342,2021
2021-08-27,1,540,1802.565,1792.528,10.037000000000035,-10.037000000000035,stop,23.781249999999964,0.4220551905387669,685,-1.039852545581349,2021
2021-08-30,-1,551,1813.258,1823.079,9.820999999999913,2.803000000000111,close,24.497099999999953,0.40090459687064717,686,0.24467976784442852,2021
2021-09-07,-1,542,1816.838,1827.128,10.289999999999964,23.339999999999918,close,19.33673684210521,0.5321476981366252,692,2.229348882410107,2021
2021-09-13,1,541,1793.248,1783.568,9.680000000000064,-0.10000000000013642,close,18.992526315789423,0.509674165461211,696,-0.051652892561997225,2021
2021-09-16,-1,550,1785.794,1796.074,10.279999999999973,31.506000000000085,close,19.4762631578947,0.5278219911417132,699,3.0258754863813393,2021
2021-09-17,1,545,1762.768,1753.438,9.329999999999927,-9.329999999999927,stop,21.204999999999963,0.4399905682621997,700,-1.0428724544480175,2021
2021-09-20,1,700,1755.028,1741.978,13.049999999999955,8.66599999999994,close,21.73899999999996,0.6003036018216099,701,0.6334099616858213,2021
2021-09-24,1,540,1755.188,1744.424,10.764000000000124,-10.764000000000124,stop,23.04621052631575,0.4670616016333378,705,-1.0371609067261238,2021
2021-09-27,-1,777,1748.094,1760.738,12.644000000000005,-2.1399999999998727,close,22.087894736842074,0.572440250673149,706,-0.20088579563428277,2021
2021-09-29,1,602,1741.258,1733.198,8.059999999999945,-8.059999999999945,stop,22.581157894736815,0.3569347523086298,708,-1.049627791563276,2021
2021-10-05,-1,543,1756.235,1769.068,12.833000000000084,-3.8900000000001,close,24.185099999999988,0.5306159577591198,712,-0.33429439725707727,2021
2021-10-06,-1,541,1750.838,1759.988,9.150000000000091,-9.150000000000091,stop,23.517099999999992,0.3890785853697987,713,-1.0437158469945351,2021
2021-10-12,1,540,1761.985,1750.658,11.326999999999998,-0.7400000000000091,close,23.75305000000001,0.47686507627441505,717,-0.10064447779641646,2021
2021-10-19,1,550,1777.648,1762.854,14.793999999999869,-7.6099999999999,close,22.434600000000035,0.6594278480561208,722,-0.5414357171826397,2021
2021-10-20,1,543,1777.038,1766.744,10.294000000000096,8.185999999999922,close,22.352800000000038,0.46052396120396905,723,0.7563629298620409,2021
2021-10-21,-1,603,1781.118,1789.368,8.25,-2.759999999999991,close,22.299500000000034,0.3699634520953379,724,-0.38303030303030194,2021
2021-10-25,1,683,1800.974,1792.164,8.809999999999945,5.673999999999978,close,22.12570000000003,0.398179492626219,726,0.5986379114642464,2021
2021-10-27,-1,640,1785.388,1794.288,8.900000000000091,-8.900000000000091,stop,22.19720000000002,0.4009514713567514,728,-1.0449438202247188,2021
2021-10-28,1,570,1803.128,1794.014,9.114000000000033,-9.114000000000033,stop,21.783900000000028,0.4183823833197922,729,-1.0438885231511958,2021
2021-11-08,-1,656,1812.798,1821.348,8.549999999999955,-8.549999999999955,stop,21.96410000000003,0.389271584084936,736,-1.0467836257309944,2021
2021-11-11,1,581,1855.538,1842.748,12.789999999999964,6.960000000000036,close,22.28135000000003,0.574022669182969,739,0.5129007036747502,2021
2021-11-15,-1,556,1856.348,1865.958,9.610000000000127,-9.610000000000127,stop,22.338350000000027,0.4302018725644515,741,-1.041623309053069,2021
2021-11-18,-1,737,1862.478,1870.814,8.336000000000013,1.8400000000001455,close,22.573450000000026,0.3692833837982233,744,0.1727447216890767,2021
2021-11-22,-1,546,1840.958,1848.984,8.02599999999984,35.86400000000003,close,22.28200000000003,0.36020105915087647,746,4.418639421878986,2021
2021-11-23,-1,540,1803.258,1812.318,9.059999999999945,12.843000000000075,close,23.733500000000028,0.3817388922830571,747,1.3733995584989127,2021
2021-11-30,1,686,1795.838,1782.908,12.930000000000064,-12.930000000000064,stop,24.50394444444448,0.5276701483434658,752,-1.0309358081979891,2021
2021-12-03,-1,666,1767.365,1776.358,8.992999999999938,-8.992999999999938,stop,25.233055555555566,0.35639758253613274,755,-1.0444790392527525,2021
2021-12-10,-1,615,1771.268,1779.545,8.277000000000044,-8.277000000000044,stop,22.192444444444465,0.3729647727955476,760,-1.0483266884136762,2021
2021-12-16,1,542,1784.918,1775.418,9.5,14.350000000000136,close,21.984666666666662,0.43211935591472855,764,1.4684210526315933,2021
2021-12-17,1,544,1807.128,1797.148,9.980000000000018,-9.980000000000018,stop,22.431,0.4449199768177976,765,-1.0400801603206413,2021
2021-12-30,-1,560,1797.075,1805.458,8.383000000000038,-8.383000000000038,stop,17.401149999999983,0.4817497694117944,773,-1.0477156149349873,2021
2022-01-06,-1,595,1799.428,1811.438,12.009999999999991,11.410000000000082,close,18.349849999999993,0.654501262953103,778,0.9167360532889334,2022
2022-01-11,1,605,1809.695,1801.055,8.639999999999873,13.233000000000175,close,18.643150000000013,0.4634409957544657,781,1.485300925925968,2022
2022-01-14,1,606,1827.998,1819.468,8.529999999999973,-8.529999999999973,stop,18.236550000000022,0.4677419797055892,784,-1.0468933177022277,2022
2022-01-27,-1,600,1809.819,1821.858,12.038999999999987,14.980999999999995,close,19.79142105263164,0.6082938646994818,793,1.2111471052412999,2022
2022-02-14,-1,545,1851.378,1860.588,9.210000000000036,-9.210000000000036,stop,20.420947368421054,0.45100747941999875,805,-1.04343105320304,2022
2022-02-15,-1,612,1870.008,1879.378,9.36999999999989,16.75999999999999,close,20.5659,0.45560855591050675,806,1.7459978655283013,2022
2022-02-17,1,616,1877.068,1867.698,9.36999999999989,21.49000000000001,close,20.922349999999994,0.44784644172379745,808,2.250800426894371,2022
2022-02-18,-1,750,1888.238,1902.358,14.11999999999989,-8.664999999999964,close,21.98844999999999,0.6421553133576899,809,-0.6419971671388126,2022
2022-02-22,-1,629,1905.188,1913.798,8.6099999999999,4.860000000000127,close,22.435526315789456,0.38376634801477505,811,0.5180023228803924,2022
2022-02-24,1,699,1949.003,1909.998,39.00499999999988,-39.00499999999988,stop,21.888421052631536,1.7819924016543214,813,-1.010255095500577,2022
2022-02-25,-1,806,1904.201,1921.478,17.277000000000044,13.502999999999929,close,25.3691578947368,0.6810237876908167,814,0.7584071308676215,2022
2022-02-28,-1,562,1904.408,1919.288,14.88000000000011,-5.550000000000182,close,26.395473684210486,0.5637330164262663,815,-0.39986559139785877,2022
2022-03-02,1,587,1943.688,1930.888,12.800000000000182,-12.800000000000182,stop,29.44705263157892,0.4346784773384588,817,-1.0312499999999996,2022
2022-03-03,1,592,1930.736,1921.906,8.830000000000155,6.099999999999909,close,30.378105263157856,0.29066987303875913,818,0.6455266138165129,2022
2022-03-07,1,708,2000.94,1976.102,24.837999999999965,-24.837999999999965,stop,31.26599999999997,0.7944092624576213,820,-1.0161043562283598,2022
2022-03-08,1,581,2020.628,1980.938,39.68999999999983,30.180000000000064,close,32.57442105263156,1.2184406880438918,821,0.7503149407911361,2022
2022-03-09,-1,663,2034.958,2059.068,24.110000000000127,43.996000000000095,close,36.57810526315788,0.6591374765462263,822,1.8082123600165851,2022
2022-03-10,1,731,1989.888,1970.508,19.37999999999988,7.680000000000064,close,40.3617894736842,0.48015710533933587,823,0.3756449948400468,2022
2022-03-11,-1,804,1980.848,1997.142,16.294000000000096,-1.7100000000000364,close,41.32231578947367,0.39431478339727477,824,-0.12949551982324928,2022
2022-03-14,-1,666,1969.918,1978.662,8.744000000000142,17.399999999999864,close,41.103368421052615,0.2127319569147909,825,1.9441903019212705,2022
2022-03-15,-1,836,1924.828,1952.088,27.25999999999999,8.259999999999991,close,42.01705263157894,0.648784202905086,826,0.28833455612619197,2022
2022-03-16,-1,679,1912.508,1924.668,12.159999999999854,-12.159999999999854,stop,42.67652631578947,0.28493415584062887,827,-1.0328947368421058,2022
2022-03-17,1,684,1938.138,1925.363,12.774999999999864,-0.8699999999998909,close,43.30652631578946,0.29499018016003115,828,-0.09941291585126452,2022
2022-03-22,-1,670,1929.178,1938.268,9.089999999999918,7.650000000000091,close,42.55155,0.213623240516501,831,0.7975797579758147,2022
2022-03-23,1,701,1924.248,1915.453,8.795000000000073,22.404999999999973,close,42.8018,0.2054820124387309,832,2.501989766912995,2022
2022-03-24,1,880,1948.479,1937.278,11.201000000000022,12.952999999999975,close,43.400800000000004,0.25808280031704534,833,1.1207035086152977,2022
2022-03-25,-1,603,1955.353,1964.153,8.799999999999955,1.0850000000000364,close,40.01805000000002,0.21990076977763662,834,0.07784090909091362,2022
2022-03-29,-1,626,1921.118,1929.168,8.049999999999955,1.8099999999999454,close,39.08873684210527,0.20594167656317625,836,0.1751552795030998,2022
2022-03-30,1,556,1927.178,1915.788,11.3900000000001,6.9249999999999545,close,38.77347368421052,0.2937575336366723,837,0.5728709394205352,2022
2022-04-04,1,594,1926.708,1915.328,11.38000000000011,5.589999999999918,close,37.76231578947368,0.301358636568902,840,0.45606326889278276,2022
2022-04-06,-1,612,1916.543,1925.163,8.620000000000118,-8.620000000000118,stop,33.39994736842104,0.2580842390233869,842,-1.0464037122969831,2022
2022-04-12,-1,741,1949.702,1960.398,10.695999999999913,-10.695999999999913,stop,27.251631578947354,0.3924902613266969,846,-1.0373971578160064,2022
2022-04-13,1,676,1973.448,1962.718,10.730000000000018,4.599999999999909,close,26.27689473684209,0.4083435317399125,847,0.39142590866727883,2022
2022-04-14,-1,540,1972.1,1980.248,8.148000000000138,0.5319999999999254,close,25.46026315789472,0.32002811398567993,848,0.016200294550800583,2022
2022-04-18,1,564,1988.438,1978.051,10.387000000000171,-10.387000000000171,stop,25.099526315789454,0.4138325109930852,849,-1.0385096755559828,2022
2022-04-20,-1,545,1940.418,1951.418,11.0,-11.0,stop,25.887684210526302,0.424912476162207,851,-1.0363636363636364,2022
2022-04-25,-1,573,1913.138,1932.863,19.725000000000136,15.264999999999873,close,24.805736842105237,0.7951789590268868,854,0.7536121673003685,2022
2022-04-26,-1,635,1897.228,1907.398,10.169999999999845,-10.169999999999845,stop,25.953105263157866,0.3918606231076644,855,-1.0393313667649957,2022
2022-04-27,-1,661,1895.891,1906.878,10.986999999999853,-10.986999999999853,stop,25.430449999999972,0.43204111606361134,856,-1.0364066624192232,2022
2022-04-28,1,702,1886.658,1871.938,14.7199999999998,9.230000000000018,close,24.754449999999974,0.5946405595761496,857,0.5998641304347919,2022
2022-04-29,1,545,1908.238,1892.468,15.769999999999982,-11.720000000000027,close,24.85594999999996,0.6344557339389565,858,-0.7685478757133825,2022
2022-05-02,-1,684,1882.623,1899.788,17.164999999999964,20.955000000000155,close,24.68769999999996,0.6952855065477946,859,1.1974949024177222,2022
2022-05-03,-1,567,1857.333,1866.998,9.664999999999964,-9.664999999999964,stop,25.881199999999957,0.37343708947034837,860,-1.0413864459389552,2022
2022-05-06,1,684,1877.838,1866.001,11.836999999999989,3.0750000000000455,close,27.223449999999968,0.4348089606570807,863,0.22598631409986045,2022
2022-05-09,-1,549,1870.528,1882.578,12.049999999999955,17.079999999999927,close,27.675549999999966,0.4354023677939542,864,1.3842323651452275,2022
2022-05-10,1,545,1865.208,1852.388,12.820000000000164,-12.820000000000164,stop,28.300049999999963,0.4530027332107251,865,-1.0312012480499215,2022
2022-05-11,1,555,1839.898,1831.838,8.059999999999945,13.065000000000055,close,28.310749999999974,0.2846975088967955,866,1.5713399503722258,2022
2022-05-12,-1,608,1847.368,1858.708,11.340000000000146,23.491999999999962,close,28.170249999999974,0.40255233801617507,867,2.0363315696648736,2022
2022-05-13,1,634,1828.418,1818.818,9.599999999999909,-9.599999999999909,stop,29.09854999999999,0.3299133461976598,868,-1.0416666666666672,2022
2022-05-16,-1,546,1806.458,1817.488,11.029999999999973,-11.029999999999973,stop,29.59224999999999,0.37273272562917575,869,-1.0362647325475975,2022
2022-05-18,1,751,1817.148,1807.578,9.569999999999936,-9.569999999999936,stop,29.442049999999995,0.3250453008537088,871,-1.0417972831765938,2022
2022-05-20,1,547,1846.648,1836.358,10.289999999999964,-10.289999999999964,stop,30.232900000000008,0.3403576898015063,873,-1.0388726919339166,2022
2022-05-23,1,669,1858.128,1845.528,12.599999999999909,-5.214999999999918,close,29.638000000000012,0.4251299008030199,874,-0.4456349206349174,2022
2022-05-25,-1,548,1858.728,1867.878,9.149999999999864,3.759999999999991,close,28.832550000000015,0.31734966210064175,876,0.36721311475410284,2022
2022-05-27,1,615,1856.313,1847.828,8.485000000000127,-2.9550000000001546,close,28.274550000000033,0.3000931933487931,878,-0.39540365350619966,2022
2022-05-31,1,566,1854.968,1845.838,9.13000000000011,-9.13000000000011,stop,26.67426315789478,0.3422774959501703,880,-1.04381161007667,2022
2022-06-01,-1,719,1829.538,1837.948,8.410000000000082,-8.410000000000082,stop,26.383210526315835,0.3187633283527628,881,-1.0475624256837095,2022
2022-06-13,-1,629,1860.033,1877.363,17.330000000000155,37.38499999999999,close,23.413842105263186,0.7401604538925525,889,2.134160415464493,2022
2022-06-14,1,541,1828.158,1817.613,10.544999999999845,-10.544999999999845,stop,24.43378947368422,0.4315744805510854,890,-1.0379326695116176,2022
2022-06-15,1,542,1819.248,1807.588,11.660000000000082,12.299999999999955,close,24.64878947368422,0.4730455429646411,891,1.0205831903945,2022
2022-06-17,1,731,1851.918,1841.508,10.409999999999854,-10.409999999999854,stop,25.535052631578946,0.4076748989005768,893,-1.0384245917387134,2022
2022-06-21,-1,587,1833.578,1842.328,8.75,-8.75,stop,26.08794444444445,0.3354039647942961,895,-1.0457142857142858,2022
2022-06-27,1,574,1836.783,1828.058,8.724999999999909,-8.724999999999909,stop,26.348333333333343,0.3311404895945312,899,-1.0458452722063043,2022
2022-07-01,-1,610,1795.088,1807.064,11.976000000000113,-11.976000000000113,stop,25.20673684210527,0.4751110814151649,903,-1.033400133600534,2022
2022-07-06,-1,788,1763.0,1772.784,9.784000000000106,23.682000000000016,close,27.202444444444446,0.35967355874880913,906,2.3795993458707856,2022
2022-07-14,-1,552,1725.344,1734.298,8.95399999999995,16.43600000000015,close,24.06094444444447,0.37213834314252686,912,1.7909314272950903,2022
2022-07-15,-1,544,1707.378,1716.518,9.1400000000001,1.9600000000000364,close,24.109388888888915,0.37910541997239805,913,0.17067833698030846,2022
2022-07-18,1,622,1718.308,1707.368,10.940000000000055,-10.940000000000055,stop,23.77861111111113,0.4600773337383055,914,-1.036563071297989,2022
2022-07-25,1,636,1728.764,1719.768,8.995999999999867,-8.995999999999867,stop,24.496631578947365,0.3672341632361861,919,-1.044464206313918,2022
2022-07-26,-1,797,1718.148,1728.074,9.926000000000158,0.6419999999998254,close,24.56247368421052,0.404112392245773,920,0.024380415071511334,2022
2022-07-29,1,549,1765.038,1752.524,12.514000000000124,-12.514000000000124,stop,25.198578947368404,0.49661530620983746,923,-1.0319642000958924,2022
2022-08-02,-1,635,1770.718,1780.388,9.669999999999845,-9.669999999999845,stop,24.346699999999977,0.3971790838183349,925,-1.041365046535678,2022
2022-08-04,1,639,1774.514,1763.188,11.325999999999794,18.95400000000018,close,22.20029999999997,0.5101732859465777,927,1.6381776443581597,2022
2022-08-15,-1,550,1791.974,1801.588,9.614000000000033,13.1099999999999,close,21.71804999999997,0.4426732602604767,934,1.3220303723736069,2022
2022-08-25,1,556,1758.654,1749.828,8.826000000000022,-1.3900000000001,close,20.318949999999994,0.43437283914769337,942,-0.2028098799003054,2022
2022-08-29,-1,634,1721.028,1736.588,15.559999999999945,-15.559999999999945,stop,20.376799999999992,0.7636135212594691,944,-1.025706940874036,2022
2022-09-01,-1,678,1702.174,1711.218,9.044000000000096,7.579999999999927,close,20.285399999999992,0.44583789326314,947,0.7938965059707929,2022
2022-09-06,-1,722,1712.318,1726.566,14.248000000000047,12.299999999999955,close,19.49600000000001,0.7308165777595425,950,0.8352049410443512,2022
2022-09-07,1,663,1703.738,1691.218,12.519999999999982,13.41599999999994,close,19.997684210526323,0.6260724926044057,951,1.039616613418527,2022
2022-09-09,1,558,1721.778,1709.108,12.670000000000073,-6.240000000000009,close,20.843789473684218,0.6078549208144829,953,-0.5240726124704003,2022
2022-09-15,-1,609,1685.938,1698.124,12.185999999999922,22.15000000000009,close,21.459526315789486,0.5678596918066038,957,1.7848350566223725,2022
2022-09-19,-1,542,1666.668,1679.865,13.197000000000116,-7.835000000000036,close,23.206631578947377,0.568673654989731,959,-0.624005455785403,2022
2022-09-20,-1,540,1670.295,1679.288,8.992999999999938,5.360000000000127,close,23.153578947368416,0.3884064757522967,960,0.5515400867341445,2022
2022-09-22,-1,604,1656.585,1671.568,14.982999999999947,-14.982999999999947,stop,24.047421052631595,0.6230605754857153,962,-1.0266969231796037,2022
2022-09-26,1,623,1645.768,1626.518,19.25,-19.25,stop,25.374947368421065,0.7586222631522177,964,-1.0207792207792208,2022
2022-09-27,1,561,1636.255,1625.965,10.290000000000191,-9.120000000000118,close,25.52194736842107,0.40318240028706664,965,-0.9251700680272053,2022
2022-09-29,-1,555,1642.778,1659.285,16.507000000000062,-16.507000000000062,stop,27.25963157894738,0.6055474356721835,967,-1.0242321439389348,2022
2022-09-30,1,542,1667.968,1659.158,8.810000000000173,-6.323000000000093,close,27.29605263157896,0.3227572909134793,968,-0.7631101021566358,2022
2022-10-04,1,580,1704.014,1695.068,8.945999999999913,20.800000000000182,close,27.67560000000002,0.3232450244981105,970,2.2803487592220413,2022
2022-10-05,1,581,1725.614,1717.408,8.206000000000131,-8.206000000000131,stop,28.05105000000002,0.2925380689849444,971,-1.0487448208627825,2022
2022-10-06,1,655,1724.964,1715.994,8.970000000000027,-8.970000000000027,stop,28.015350000000023,0.32018161472192996,972,-1.0445930880713488,2022
2022-10-10,-1,573,1685.028,1698.144,13.115999999999985,16.113000000000056,close,27.891100000000016,0.4702575373506236,974,1.1980024397682276,2022
2022-10-11,-1,794,1661.308,1673.538,12.230000000000018,-12.230000000000018,stop,28.441550000000007,0.4300046938370101,975,-1.0327064595257562,2022
2022-10-12,1,566,1672.065,1661.265,10.799999999999955,2.9829999999999472,close,27.849249999999994,0.3878021849780499,976,0.2391666666666628,2022
2022-10-14,1,547,1670.475,1658.868,11.606999999999971,-11.606999999999971,stop,28.130149999999993,0.41261777843345926,978,-1.0344619626087708,2022
2022-10-17,1,611,1653.998,1645.048,8.950000000000045,-6.150000000000091,close,28.398299999999995,0.31515971026434847,979,-0.7318435754190009,2022
2022-10-18,-1,720,1648.788,1660.707,11.919000000000096,-2.4600000000000364,close,28.646500000000003,0.4160717714205957,980,-0.2399530161926347,2022
2022-10-19,-1,541,1644.807,1654.318,9.510999999999967,15.44900000000007,close,28.42885000000001,0.3345545106467537,981,1.5822731573967113,2022
2022-10-20,1,767,1634.837,1622.257,12.579999999999927,-8.118999999999915,close,28.055449999999997,0.44839772664490957,982,-0.6771860095389479,2022
2022-10-21,-1,559,1619.678,1628.107,8.42899999999986,-8.42899999999986,stop,27.7519,0.30372695202850475,983,-1.0474552141416547,2022
2022-10-24,-1,618,1651.728,1670.748,19.019999999999982,1.4800000000000182,close,27.933900000000005,0.6808931083736957,984,0.05678233438485906,2022
2022-10-26,1,552,1660.127,1649.558,10.56899999999996,4.421000000000049,close,28.0289,0.3770750903531698,986,0.3804522660611282,2022
2022-10-27,-1,584,1662.107,1670.648,8.54099999999994,-0.020999999999958163,close,26.888150000000007,0.31764922465844386,987,-0.049291652031373506,2022
2022-11-01,1,600,1647.178,1630.477,16.701000000000022,0.9199999999998454,close,25.768899999999995,0.648106826445833,990,0.03113586012812674,2022
2022-11-03,-1,605,1632.608,1640.858,8.25,1.8199999999999363,close,25.697299999999995,0.3210454016569835,992,0.1721212121212044,2022
2022-11-04,1,735,1649.567,1629.198,20.368999999999915,31.080999999999904,close,25.985249999999986,0.7838677711393935,993,1.5062595120035365,2022
2022-11-08,-1,592,1667.997,1676.578,8.580999999999904,-8.580999999999904,stop,26.480999999999995,0.32404365394055756,995,-1.0466146136813896,2022
2022-11-11,1,652,1764.228,1747.108,17.12000000000012,3.4969999999998436,close,28.717150000000014,0.5961594378272256,998,0.18089953271026998,2022
2022-11-14,-1,712,1757.828,1766.188,8.360000000000127,-8.360000000000127,stop,28.182150000000025,0.29664166857390656,999,-1.0478468899521525,2022
2022-11-16,1,679,1781.318,1770.167,11.151000000000067,-7.240000000000009,close,28.22980000000001,0.3950081119951279,1001,-0.685140346157292,2022
2022-11-21,-1,581,1743.657,1752.807,9.150000000000091,4.6189999999999145,close,26.50725000000001,0.34518858048270146,1004,0.46109289617484944,2022
2022-11-23,1,577,1742.738,1732.857,9.881000000000085,-9.881000000000085,stop,25.612750000000016,0.3857844237733191,1006,-1.0404817326181557,2022
2022-11-29,1,601,1754.908,1740.057,14.850999999999885,-6.389999999999873,close,26.52694444444444,0.5598458590322167,1010,-0.45720826880344256,2022
2022-11-30,1,553,1755.628,1747.558,8.069999999999936,-8.069999999999936,stop,26.146333333333335,0.3086474840321754,1011,-1.0495662949194553,2022
2022-12-05,-1,551,1798.477,1809.758,11.280999999999949,31.879000000000133,close,24.80527777777777,0.45478224840143594,1014,2.7904441095647794,2022
2022-12-06,1,808,1776.088,1767.118,8.970000000000027,-4.432999999999993,close,26.400111111111112,0.3397712972588509,1015,-0.5387959866220712,2022
2022-12-09,1,809,1797.628,1788.298,9.329999999999927,-2.8099999999999454,close,22.18833333333334,0.4204912491549579,1018,-0.34405144694533446,2022
2022-12-12,1,817,1794.868,1785.308,9.559999999999945,-9.559999999999945,stop,22.012777777777778,0.4342932135375893,1019,-1.0418410041841006,2022
2022-12-15,-1,588,1789.505,1807.725,18.2199999999998,12.660000000000082,close,23.5026111111111,0.775233011934836,1022,0.6728869374314059,2022
2022-12-16,1,542,1784.055,1775.848,8.207000000000107,-8.207000000000107,stop,24.310222222222226,0.33759461040623495,1023,-1.0487388814426704,2022
2022-12-20,1,602,1796.065,1784.505,11.559999999999945,21.2829999999999,close,23.983277777777783,0.4820025063759679,1025,1.8064878892733565,2022
2023-01-03,1,561,1844.067,1826.685,17.382000000000062,-5.97199999999998,close,23.26460000000003,0.7471437290991481,1033,-0.3665861235761108,2023
2023-01-04,1,541,1848.888,1836.048,12.839999999999918,6.310000000000173,close,23.299500000000023,0.5510847872271897,1034,0.46028037383179204,2023
2023-01-05,-1,590,1850.097,1858.875,8.77800000000002,17.22199999999998,close,22.560950000000027,0.3890793605765719,1035,1.9163818637502783,2023
2023-01-09,1,558,1879.885,1866.975,12.910000000000082,-8.809999999999945,close,24.472650000000034,0.5275276686423441,1037,-0.7134004647559944,2023
2023-01-10,1,656,1875.915,1867.745,8.170000000000073,2.0699999999999363,close,24.648050000000023,0.3314663837504413,1038,0.2044063647490724,2023
2023-01-11,1,649,1884.505,1871.848,12.657000000000153,-12.657000000000153,stop,24.407550000000025,0.5185690493310529,1039,-1.031603065497353,2023
2023-01-12,1,702,1884.915,1875.685,9.230000000000018,-9.230000000000018,stop,24.401700000000016,0.37825233487830817,1040,-1.0433369447453955,2023
2023-01-13,1,607,1900.855,1892.205,8.650000000000091,19.742999999999938,close,23.62945000000002,0.36606861353099984,1041,2.2361849710982353,2023
2023-01-17,-1,700,1906.808,1918.925,12.116999999999962,-2.2870000000000346,close,23.590421052631594,0.5136406837744114,1043,-0.22175455970950259,2023
2023-01-18,1,604,1910.235,1896.495,13.740000000000009,-6.869999999999891,close,23.340789473684218,0.5886690343311349,1044,-0.5291120815138199,2023
2023-01-19,1,588,1911.038,1900.855,10.182999999999993,22.410000000000082,close,24.10136842105265,0.4225071299729644,1045,2.1614455464990767,2023
2023-01-20,1,609,1934.708,1923.038,11.670000000000073,-11.670000000000073,stop,23.978210526315813,0.4866918649826842,1046,-1.0342759211653811,2023
2023-01-24,1,541,1939.925,1930.675,9.25,-9.25,stop,23.60194444444446,0.39191686184047897,1048,-1.0432432432432432,2023
2023-01-25,-1,730,1925.705,1939.528,13.823000000000093,-13.823000000000093,stop,24.33822222222223,0.5679543835941673,1049,-1.0289372784489617,2023
2023-01-31,-1,607,1911.925,1927.268,15.343000000000075,-15.343000000000075,stop,25.584058823529418,0.5997093778524798,1053,-1.026070520758652,2023
2023-02-06,1,605,1878.645,1863.548,15.09699999999998,-15.09699999999998,stop,27.922176470588216,0.5406813475268443,1057,-1.0264953301980526,2023
2023-02-07,1,601,1876.815,1868.265,8.549999999999955,-8.549999999999955,stop,28.191764705882353,0.30328005675416103,1058,-1.0467836257309944,2023
2023-02-09,1,562,1881.445,1871.908,9.537000000000035,-9.537000000000035,stop,28.454941176470598,0.3351614730409699,1060,-1.041941910454021,2023
2023-02-10,1,586,1865.395,1852.588,12.807000000000016,-1.2770000000000437,close,28.60364705882354,0.4477401071850159,1061,-0.13094401499180458,2023
2023-02-13,-1,691,1856.848,1866.395,9.547000000000025,2.599999999999909,close,28.006823529411776,0.3408812138218425,1062,0.23043888132396598,2023
2023-02-14,-1,814,1853.965,1864.775,10.810000000000173,-10.810000000000173,stop,27.343666666666675,0.3953383476978278,1063,-1.03700277520814,2023
2023-02-15,-1,540,1841.995,1859.998,18.003000000000156,4.539999999999964,close,28.01322222222224,0.6426608069998743,1064,0.2299616730544869,2023
2023-02-16,1,607,1842.505,1834.225,8.2800000000002,-8.2800000000002,stop,28.02544444444446,0.29544580520083635,1065,-1.0483091787439602,2023
2023-02-17,-1,541,1823.095,1834.255,11.160000000000082,-11.160000000000082,stop,27.10394444444445,0.4117481875331828,1066,-1.0358422939068097,2023
2023-09-11,1,573,1927.965,1916.584,11.380999999999858,-5.319999999999936,close,14.810789473684245,0.7684262895115467,1211,-0.5025920393638528,2023
2023-09-27,-1,682,1895.535,1903.825,8.289999999999964,18.940000000000055,close,13.674222222222234,0.6062502031397244,1223,2.236429433051886,2023
2023-10-02,-1,721,1839.145,1848.835,9.690000000000055,9.839999999999918,close,16.18655555555558,0.598644965986864,1226,0.9742002063983348,2023
2023-10-03,1,674,1828.018,1815.245,12.773000000000138,-4.15300000000002,close,16.4804210526316,0.7750408778518764,1227,-0.35645502231268855,2023
2023-10-13,1,602,1877.935,1869.505,8.429999999999836,50.340000000000146,close,18.557105263157908,0.45427343761077976,1235,5.92408066429432,2023
2023-10-16,-1,541,1914.105,1926.205,12.099999999999909,-4.779999999999973,close,20.732894736842116,0.5836136320365505,1236,-0.42809917355372,2023
2023-10-17,1,740,1921.725,1912.315,9.409999999999854,0.8200000000001637,close,21.267105263157898,0.44246736373197354,1237,0.04463336875665996,2023
2023-10-18,1,751,1942.645,1923.678,18.96699999999987,7.633000000000038,close,21.872315789473674,0.8671692646796905,1238,0.38134654926978895,2023
2023-10-19,1,669,1953.215,1945.125,8.089999999999918,21.019999999999982,close,22.966894736842097,0.35224613917973124,1239,2.548825710754041,2023
2023-10-20,1,675,1982.205,1971.905,10.299999999999955,-2.6099999999999,close,23.747052631578946,0.4337380372965934,1240,-0.29223300970872945,2023
2023-10-23,1,633,1978.085,1964.275,13.809999999999945,-4.940000000000055,close,24.549684210526312,0.5625326941712167,1241,-0.3866763215061605,2023
2023-10-24,-1,705,1971.285,1980.735,9.449999999999818,-1.3099999999999454,close,24.244699999999987,0.3897759097864615,1242,-0.18095238095237864,2023
2023-10-26,1,645,1989.495,1981.405,8.089999999999918,-8.089999999999918,stop,24.369799999999987,0.3319682557920017,1244,-1.0494437577255877,2023
2023-10-30,-1,600,1994.918,2006.685,11.767000000000053,-0.9070000000001528,close,24.31429999999998,0.4839538872186352,1246,-0.11107334069857626,2023
2023-11-01,1,794,1983.955,1975.058,8.896999999999935,-8.896999999999935,stop,24.570249999999977,0.36210457769049736,1248,-1.0449589749353718,2023
2023-11-15,1,540,1970.445,1961.515,8.929999999999836,-8.929999999999836,stop,24.112549999999953,0.37034656226736096,1258,-1.0447928331466974,2023
2023-11-16,1,540,1967.255,1956.365,10.8900000000001,13.432999999999993,close,23.090849999999943,0.4716153801181042,1259,1.196786042240576,2023
2023-11-20,-1,822,1973.265,1985.085,11.819999999999936,-4.490000000000009,close,22.523849999999936,0.5247770696395141,1261,-0.4137055837563482,2023
2023-11-21,1,608,1994.195,1980.635,13.559999999999945,4.769999999999982,close,22.587849999999946,0.6003227398800672,1262,0.3222713864306784,2023
2023-11-29,-1,576,2042.715,2051.865,9.149999999999864,-1.7830000000001291,close,22.189999999999955,0.4123479044614638,1268,-0.23857923497269526,2023
2023-12-04,-1,546,2073.705,2120.865,47.159999999999854,47.44999999999982,close,23.241333333333273,2.0291434800068835,1271,0.9976675148430866,2023
2023-12-05,-1,672,2030.354,2041.155,10.80099999999993,11.32899999999995,close,29.331888888888848,0.36823404182781544,1272,1.0118507545597648,2023
2023-12-06,1,541,2027.025,2018.665,8.360000000000127,-0.540000000000191,close,29.872055555555512,0.2798602186733467,1273,-0.11244019138758095,2023
2023-12-11,-1,595,1994.765,2007.705,12.939999999999827,14.040000000000191,close,30.167944444444416,0.4289321078480969,1276,1.0540958268933827,2023
2023-12-13,1,713,1982.445,1972.935,9.509999999999991,41.40000000000009,close,30.22533333333331,0.3146367285720587,1278,4.311251314405903,2023
2023-12-14,-1,576,2029.928,2039.175,9.246999999999844,-9.246999999999844,stop,31.97627777777777,0.2891831270751012,1279,-1.0432572726289615,2023
2023-12-18,1,648,2024.685,2015.925,8.759999999999991,1.7200000000000273,close,32.36183333333333,0.2706892378367519,1281,0.1506849315068526,2023
2023-12-28,-1,620,2079.098,2088.355,9.257000000000062,12.692999999999756,close,29.90775,0.3095184358569288,1288,1.327968024197869,2023
2024-01-02,1,695,2076.665,2062.275,14.389999999999873,-14.389999999999873,stop,30.23275000000001,0.47597390247330684,1290,-1.0277970813064632,2024
2024-01-04,1,568,2048.585,2040.055,8.529999999999973,-8.529999999999973,stop,24.815599999999982,0.3437353922532592,1292,-1.0468933177022277,2024
2024-01-08,-1,679,2026.925,2046.525,19.600000000000136,-0.1230000000000473,close,25.030399999999986,0.7830478138583541,1294,-0.026683673469389983,2024
2024-01-10,1,607,2032.785,2023.795,8.990000000000009,-8.990000000000009,stop,24.36949999999998,0.36890375264162234,1296,-1.0444938820912124,2024
2024-01-11,1,566,2035.045,2026.505,8.539999999999964,-8.539999999999964,stop,23.757499999999983,0.35946543196885067,1297,-1.0468384074941455,2024
2024-01-22,-1,540,2019.935,2032.005,12.070000000000164,-0.8099999999999454,close,23.53955555555553,0.5127539460765879,1304,-0.10024855012426917,2024
2024-01-23,1,542,2035.825,2019.515,16.309999999999945,-7.25,close,23.603833333333302,0.6909894579270303,1305,-0.46903740036787406,2024
2024-01-29,1,540,2028.935,2019.195,9.740000000000009,3.673000000000002,close,22.791444444444412,0.4273533440911073,1309,0.3360369609856262,2024
2024-02-01,-1,615,2039.045,2049.475,10.429999999999836,-10.429999999999836,stop,22.11333333333333,0.47166113958395406,1312,-1.038350910834133,2024
2024-02-05,-1,569,2026.735,2039.745,13.009999999999991,1.8399999999999181,close,22.728333333333328,0.572413287379922,1314,0.11068408916217673,2024
2024-02-23,-1,676,2018.025,2027.295,9.269999999999982,-9.269999999999982,stop,20.174000000000024,0.4595023297313359,1328,-1.0431499460625675,2024
2024-03-05,1,627,2119.645,2110.375,9.269999999999982,9.88299999999981,close,20.58052631578951,0.45042579853208026,1335,1.0229773462782987,2024
2024-03-08,1,614,2163.475,2153.895,9.579999999999927,13.710000000000036,close,22.261578947368506,0.43033784902002015,1338,1.3893528183716217,2024
2024-03-11,-1,718,2176.755,2188.925,12.170000000000073,-4.519999999999982,close,23.541947368421138,0.5169495883048636,1339,-0.40427280197205856,2024
2024-03-12,-1,854,2173.485,2184.425,10.940000000000055,16.200000000000273,close,23.464052631579033,0.46624511851275363,1340,1.4442413162705845,2024
2024-03-14,-1,888,2167.325,2176.848,9.523000000000138,3.980000000000018,close,23.64578947368428,0.4027355487791352,1342,0.3759319542161048,2024
2024-03-15,1,774,2169.975,2160.485,9.489999999999782,-9.489999999999782,stop,23.97121052631586,0.3958915629054926,1343,-1.0421496311907281,2024
2024-03-18,1,818,2157.435,2145.985,11.449999999999818,2.650000000000091,close,23.833842105263223,0.48040932508616885,1344,0.19650655021835167,2024
2024-03-19,-1,667,2153.925,2162.745,8.819999999999709,-3.75,close,23.51565000000005,0.37506936869700347,1345,-0.47052154195012896,2024
2024-03-22,-1,600,2169.785,2185.965,16.18000000000029,5.92699999999968,close,26.931550000000037,0.6007823537820983,1348,0.34159456118662423,2024
2024-03-25,-1,606,2163.885,2178.245,14.359999999999673,-14.359999999999673,stop,27.111550000000044,0.5296635566760163,1349,-1.0278551532033433,2024
2024-03-27,1,675,2181.615,2173.275,8.33999999999969,11.640000000000327,close,28.493900000000032,0.29269422578164733,1351,1.3477218225420555,2024
2024-03-28,1,802,2200.545,2187.225,13.320000000000164,21.090000000000146,close,29.03290000000003,0.4587898556465303,1352,1.5533033033032952,2024
2024-04-02,1,666,2259.798,2246.585,13.212999999999738,17.550000000000182,close,28.784631578947387,0.4590296722666241,1354,1.2979641262393493,2024
2024-04-03,-1,612,2276.564,2287.885,11.321000000000367,-11.321000000000367,stop,28.376368421052646,0.39895873326768727,1355,-1.0353325677943634,2024
2024-04-04,-1,589,2294.915,2304.795,9.88000000000011,-9.88000000000011,stop,28.479894736842102,0.34691139455719844,1356,-1.0404858299595137,2024
2024-04-05,1,671,2291.028,2267.605,23.422999999999774,32.08699999999999,close,28.336052631578934,0.8266147831013047,1357,1.3528156085898602,2024
2024-04-09,1,613,2348.345,2337.555,10.789999999999964,2.7100000000000364,close,31.075157894736787,0.3472226926907255,1359,0.21408711770157962,2024
2024-04-11,-1,674,2333.195,2346.765,13.569999999999709,-13.569999999999709,stop,32.169368421052575,0.4218298544872614,1361,-1.0294767870302144,2024
2024-04-12,1,608,2395.265,2373.654,21.610999999999876,-21.610999999999876,stop,33.47305263157889,0.6456238168015723,1362,-1.0185090925917357,2024
2024-04-15,-1,692,2348.255,2365.755,17.5,-17.5,stop,37.33868421052627,0.46868282506501713,1363,-1.0228571428571427,2024
2024-04-16,-1,571,2379.185,2389.198,10.01299999999992,-10.01299999999992,stop,39.76447368421046,0.2518076833989594,1364,-1.0399480675122343,2024
2024-04-17,-1,557,2374.045,2386.665,12.61999999999989,-12.61999999999989,stop,40.702052631578894,0.310058072850326,1365,-1.0316957210776547,2024
2024-04-18,1,541,2377.025,2363.535,13.490000000000236,3.069999999999709,close,41.6911578947368,0.3235698090722314,1366,0.1979243884358534,2024
2024-04-22,-1,583,2360.755,2387.745,26.98999999999978,31.610000000000127,close,40.65526315789468,0.6638746844455907,1368,1.156354205261222,2024
2024-04-23,-1,737,2295.408,2334.305,38.896999999999935,-26.76000000000022,close,42.49421052631573,0.9153482208102649,1369,-0.6982543640897824,2024
2024-04-24,1,542,2329.975,2315.725,14.25,-14.25,stop,43.82526315789468,0.3251549214584238,1370,-1.0280701754385966,2024
2024-04-25,1,591,2321.985,2304.898,17.08699999999999,10.809999999999945,close,43.45452631578942,0.3932156543561572,1371,0.6092350910048546,2024
2024-04-26,1,542,2338.465,2326.165,12.300000000000182,1.449999999999818,close,44.27452631578942,0.2778121195983002,1372,0.08536585365852054,2024
2024-04-29,1,634,2336.725,2319.728,16.996999999999844,-1.1100000000001273,close,43.64889473684207,0.38940275813337927,1373,-0.08883920691887634,2024
2024-04-30,-1,543,2321.645,2336.055,14.409999999999854,30.98999999999978,close,42.809299999999965,0.33660910129340743,1374,2.1228313671061825,2024
2024-05-01,1,831,2293.175,2281.515,11.66000000000031,16.5,close,43.52279999999998,0.26790555754685624,1375,1.3807890222984198,2024
2024-05-02,-1,543,2312.878,2326.325,13.446999999999662,10.083000000000084,close,44.1913,0.3042906635468896,1376,0.7200862645943577,2024
2024-05-03,-1,594,2299.725,2308.615,8.889999999999873,-8.889999999999873,stop,44.95279999999998,0.19776298695520358,1377,-1.0449943757030378,2024
2024-05-06,1,626,2315.215,2291.645,23.570000000000164,9.699999999999818,close,43.984949999999984,0.535865108406402,1378,0.3945693678404647,2024
2024-05-07,-1,541,2319.568,2329.788,10.2199999999998,5.013000000000375,close,43.448099999999975,0.23522317431601855,1379,0.4513698630137441,2024
2024-05-08,-1,659,2306.875,2321.345,14.4699999999998,-1.1300000000001091,close,43.027099999999976,0.33629968089877793,1380,-0.10573600552868903,2024
2024-05-09,-1,646,2307.738,2319.638,11.900000000000091,-11.900000000000091,stop,41.87659999999996,0.28416824670579993,1381,-1.0336134453781511,2024
2024-05-10,1,542,2358.655,2345.764,12.891000000000076,4.639999999999873,close,41.302099999999975,0.31211488035717516,1382,0.32891164378247206,2024
2024-05-13,-1,551,2351.078,2364.355,13.277000000000044,13.829999999999927,close,38.19059999999995,0.3476509926526439,1383,1.0115236875800169,2024
2024-05-14,1,724,2345.798,2334.695,11.10299999999961,10.707000000000335,close,36.62959999999996,0.30311551313690627,1384,0.9283076645952171,2024
2024-05-16,-1,599,2386.415,2397.275,10.860000000000127,8.36999999999989,close,36.306549999999945,0.29911958035120784,1386,0.7338858195211599,2024
2024-05-17,1,544,2382.245,2373.788,8.45699999999988,34.113000000000284,close,36.065599999999975,0.23448937491681507,1387,3.9864017973277477,2024
2024-05-22,-1,687,2411.214,2426.344,15.13000000000011,32.10599999999977,close,34.262449999999966,0.44159130476659214,1390,2.0955717118307695,2024
2024-05-23,-1,540,2358.185,2383.605,25.420000000000073,26.766999999999825,close,35.56224999999997,0.714802916013472,1391,1.0372541306058125,2024
2024-05-24,1,554,2339.195,2325.265,13.930000000000291,-5.537000000000262,close,36.209749999999985,0.3847030150719156,1392,-0.426202440775315,2024
2024-05-30,1,839,2339.758,2322.458,17.299999999999727,1.6700000000000728,close,34.25852631578942,0.5049837766088124,1396,0.07341040462428282,2024
2024-06-03,-1,561,2315.215,2331.005,15.789999999999964,-15.789999999999964,stop,33.421315789473645,0.47245297281123716,1398,-1.025332488917036,2024
2024-06-04,-1,610,2343.068,2352.645,9.57699999999977,15.940000000000055,close,33.399578947368376,0.2867401416973361,1399,1.6226375691761956,2024
2024-06-07,-1,662,2369.278,2387.595,18.317000000000007,81.08299999999963,close,34.37921052631576,0.5327929210584739,1402,4.404815198995446,2024
2024-06-10,-1,567,2292.025,2301.128,9.103000000000065,-9.103000000000065,stop,37.78273684210526,0.24093013796331555,1403,-1.0439415577282212,2024
2024-06-14,1,561,2311.465,2301.415,10.050000000000182,20.88299999999981,close,37.15931578947369,0.2704570788369332,1407,2.0381094527362627,2024
2024-06-17,-1,541,2317.685,2329.484,11.798999999999978,-2.3899999999998727,close,36.62736842105264,0.32213616507644494,1408,-0.23646071700990573,2024
2024-06-20,1,567,2344.738,2327.628,17.109999999999673,14.090000000000146,close,34.61372222222217,0.49431262810027904,1411,0.8001168907072126,2024
2024-06-21,-1,604,2356.998,2365.485,8.48700000000008,-8.48700000000008,stop,33.7796666666666,0.2512458184904162,1412,-1.0471309060916691,2024
2024-06-24,1,627,2327.125,2317.575,9.550000000000182,4.4529999999999745,close,35.441333333333255,0.26945938828487087,1413,0.42439790575915154,2024
2024-06-25,1,738,2331.788,2322.608,9.179999999999836,-9.179999999999836,stop,34.47142105263153,0.26630755912219756,1414,-1.0435729847494561,2024
2024-06-26,-1,544,2310.455,2323.738,13.282999999999902,11.88000000000011,close,34.35526315789469,0.3866365377250072,1415,0.8642625912821045,2024
2024-06-28,1,648,2328.185,2318.905,9.279999999999745,-3.2469999999998436,close,34.76405263157889,0.26694241026346854,1417,-0.39299568965516635,2024
2024-07-01,1,575,2328.425,2318.395,10.0300000000002,2.48299999999972,close,33.791789473684155,0.2968176635869257,1418,0.20767696909268976,2024
2024-07-02,-1,616,2324.785,2334.208,9.42300000000023,-9.42300000000023,stop,32.74247368421047,0.28779132850137457,1419,-1.042449326116947,2024
2024-07-03,1,564,2335.655,2326.685,8.970000000000255,18.562999999999647,close,31.720684210526255,0.28278078557409025,1420,2.0248606465996803,2024
2024-07-05,1,541,2364.915,2355.908,9.007000000000062,-9.007000000000062,stop,32.455944444444384,0.27751464806139164,1422,-1.0444099034084597,2024
2024-07-08,-1,579,2380.535,2390.935,10.400000000000091,21.429999999999836,close,29.413333333333284,0.35358114233907895,1423,2.0221153846153515,2024
2024-07-09,-1,626,2359.634,2368.658,9.023999999999887,-9.023999999999887,stop,30.192777777777717,0.29887942296722597,1424,-1.0443262411347525,2024
2024-07-11,1,548,2382.858,2371.375,11.483000000000175,31.159999999999854,close,29.813833333333278,0.38515677845296187,1426,2.6787424888965767,2024
2024-07-12,-1,568,2405.315,2416.165,10.849999999999909,-10.849999999999909,stop,31.094944444444383,0.3489313196678966,1427,-1.036866359447005,2024
2024-07-15,-1,565,2404.815,2413.815,9.0,-9.0,stop,30.630666666666635,0.2938231837374312,1428,-1.0444444444444445,2024
2024-07-16,1,583,2432.648,2419.835,12.813000000000102,35.83999999999969,close,31.50899999999999,0.4066457202704023,1429,2.7659408413329754,2024
2024-07-17,-1,542,2463.878,2482.325,18.44699999999966,-18.44699999999966,stop,32.742888888888906,0.5633895061183662,1430,-1.0216837426139755,2024
2024-07-18,1,570,2469.828,2457.225,12.603000000000065,-12.603000000000065,stop,32.71026315789473,0.3852919170709359,1431,-1.0317384749662777,2024
2024-07-19,-1,546,2420.315,2445.095,24.779999999999745,21.76700000000028,close,32.545157894736825,0.7614035882126461,1432,0.8622679580306901,2024
2024-07-22,-1,540,2402.788,2412.035,9.246999999999844,3.8099999999999454,close,32.54831578947367,0.2841007215184505,1433,0.3687682491618907,2024
2024-07-23,-1,554,2390.615,2403.875,13.260000000000218,-13.260000000000218,stop,33.143421052631524,0.4000793997379881,1434,-1.0301659125188531,2024
2024-07-24,1,543,2418.228,2404.795,13.432999999999993,-13.432999999999993,stop,33.25710526315783,0.40391368682592615,1435,-1.0297774138316087,2024
2024-07-25,-1,611,2366.625,2401.045,34.42000000000007,4.186999999999898,close,33.43621052631574,1.029422875923994,1436,0.1100232423009846,2024
2024-07-29,-1,681,2388.528,2402.395,13.86700000000019,5.529999999999745,close,34.901315789473664,0.39732026390198494,1438,0.3699430302155964,2024
2024-07-30,1,541,2389.698,2376.358,13.33999999999969,17.2800000000002,close,35.61099999999997,0.37460335289656854,1439,1.2653673163418735,2024
2024-07-31,1,563,2422.005,2403.765,18.240000000000236,27.742999999999938,close,36.49084210526311,0.4998514407363995,1440,1.4990679824561175,2024
2024-08-01,-1,688,2437.218,2458.295,21.077000000000226,-21.077000000000226,stop,36.95768421052626,0.5703008846532946,1441,-1.018978032926887,2024
2024-08-02,1,540,2466.785,2434.815,31.9699999999998,-31.9699999999998,stop,36.712299999999956,0.8708253092287827,1442,-1.0125117297466375,2024
2024-08-05,-1,835,2413.908,2458.655,44.7470000000003,6.309999999999945,close,37.788799999999945,1.1841339232788648,1443,0.13207589335597705,2024
2024-08-06,-1,540,2398.038,2418.215,20.177000000000135,10.460000000000036,close,40.51234999999995,0.4980456576821676,1444,0.49858750061951573,2024
2024-08-07,1,569,2396.038,2378.868,17.170000000000073,-10.429999999999836,close,41.252199999999945,0.41622022583038226,1445,-0.630751310425148,2024
2024-08-08,1,564,2396.265,2382.635,13.629999999999654,27.182999999999993,close,41.42884999999997,0.3289977877734879,1446,1.965003668378626,2024
2024-08-09,-1,540,2416.988,2428.845,11.856999999999971,-11.856999999999971,stop,40.986999999999966,0.2892868470490639,1447,-1.0337353462089907,2024
2024-08-12,1,540,2434.985,2423.695,11.289999999999964,35.43299999999999,close,40.650299999999945,0.27773472766498597,1448,3.1030115146147126,2024
2024-08-14,1,694,2472.415,2455.225,17.190000000000055,-17.190000000000055,stop,39.63499999999992,0.43370758168285833,1450,-1.0232693426410702,2024
2024-08-15,1,550,2455.308,2447.038,8.269999999999982,-8.269999999999982,stop,40.11459999999995,0.20615935345235878,1451,-1.048367593712213,2024
2024-08-16,1,651,2459.908,2450.565,9.342999999999847,47.91600000000017,close,40.28059999999998,0.23194788558263413,1452,5.085732634057685,2024
2024-08-19,1,695,2506.705,2494.845,11.860000000000127,-11.860000000000127,stop,40.59459999999999,0.2921570849324819,1453,-1.0337268128161885,2024
2024-08-20,-1,548,2498.558,2508.065,9.507000000000062,-9.507000000000062,stop,40.40275000000001,0.23530576507787362,1454,-1.0420742610707896,2024
2024-08-21,-1,642,2510.725,2519.795,9.070000000000164,-0.693000000000211,close,40.93025000000002,0.22159649647876958,1455,-0.12050716648293178,2024
2024-08-23,1,669,2495.665,2484.824,10.840999999999894,15.032999999999902,close,40.34125000000004,0.26873237690948804,1457,1.3497832303293094,2024
2024-08-26,1,614,2516.845,2508.585,8.259999999999764,1.2029999999999745,close,40.29540000000004,0.2049861770822415,1458,0.09721549636803843,2024
2024-08-27,-1,659,2505.698,2517.555,11.856999999999971,-11.856999999999971,stop,39.52770000000005,0.29996685868390915,1459,-1.0337353462089907,2024
2024-08-28,-1,540,2505.335,2528.888,23.552999999999884,-2.1929999999997563,close,38.93035000000009,0.6050035512138943,1460,-0.11009213263702157,2024
2024-08-29,1,547,2519.798,2506.265,13.532999999999902,-13.532999999999902,stop,38.350000000000094,0.3528813559322,1461,-1.0295573782605485,2024
2024-08-30,1,567,2520.798,2512.035,8.76299999999992,-8.76299999999992,stop,37.99965000000009,0.23060738717330026,1462,-1.0456464681045308,2024
2024-09-03,1,596,2498.335,2489.534,8.80099999999993,-8.80099999999993,stop,33.22889473684221,0.2648598477228889,1464,-1.0454493807521876,2024
2024-09-05,1,546,2502.165,2493.665,8.5,12.612999999999829,close,33.052947368421144,0.2571631481227879,1466,1.4368235294117446,2024
2024-09-09,-1,542,2487.305,2500.365,13.059999999999945,-13.059999999999945,stop,33.500368421052734,0.3898464588763332,1468,-1.0306278713629404,2024
2024-09-12,1,540,2519.715,2510.885,8.829999999999927,38.0329999999999,close,31.330631578947497,0.28183281201178256,1471,4.261947904869786,2024
2024-09-13,1,647,2570.135,2556.538,13.597000000000207,12.38299999999981,close,31.86589473684221,0.4266944365531918,1472,0.8812973450025468,2024
2024-09-16,1,543,2589.295,2578.145,11.150000000000091,-11.150000000000091,stop,30.34573684210538,0.36743217203838724,1473,-1.035874439461883,2024
2024-09-17,1,586,2586.165,2574.395,11.769999999999982,-11.769999999999982,stop,29.81505263157906,0.39476703749077435,1474,-1.0339847068819032,2024
2024-09-18,1,811,2576.314,2565.715,10.598999999999705,-10.598999999999705,stop,29.36915789473697,0.36088879490477577,1475,-1.0377394093782444,2024
2024-09-19,1,540,2574.425,2551.005,23.420000000000073,13.83999999999969,close,30.803526315789583,0.7603025627619527,1476,0.573868488471377,2024
2024-09-20,1,541,2595.025,2584.654,10.371000000000095,25.932999999999993,close,30.79984210526326,0.33672250541270915,1477,2.4619612380676656,2024
2024-09-23,-1,637,2615.945,2631.205,15.259999999999764,-15.259999999999764,stop,31.163526315789568,0.4896750080644117,1478,-1.026212319790302,2024
2024-09-24,-1,639,2623.685,2639.945,16.26000000000022,-16.26000000000022,stop,31.316526315789577,0.5192146739404504,1479,-1.0246002460024597,2024
2024-09-25,-1,552,2654.355,2670.348,15.992999999999938,-5.282999999999902,close,32.32894736842115,0.4946959706959673,1480,-0.3553429625461092,2024
2024-09-26,1,601,2663.355,2655.268,8.086999999999989,-8.086999999999989,stop,31.553157894736927,0.25629764307517705,1481,-1.049462099666131,2024
2024-09-27,-1,628,2662.195,2673.855,11.659999999999854,-11.659999999999854,stop,31.851947368421143,0.3660686696839103,1482,-1.0343053173241856,2024
2024-09-30,-1,798,2647.285,2665.858,18.57300000000032,16.449999999999818,close,31.764894736842194,0.5847020792566522,1483,0.8641576481989739,2024
2024-10-01,1,550,2644.185,2633.815,10.36999999999989,14.403000000000247,close,32.2426500000001,0.3216236878792487,1484,1.35033751205404,2024
2024-10-03,-1,544,2651.765,2662.775,11.010000000000218,-6.050000000000182,close,32.32350000000006,0.3406190542484631,1486,-0.5858310626703047,2024
2024-10-07,-1,544,2639.855,2652.248,12.393000000000029,-12.393000000000029,stop,31.854700000000047,0.38904777003079644,1488,-1.0322762849995966,2024
2024-10-08,-1,602,2633.665,2648.095,14.429999999999836,-14.429999999999836,stop,31.89355000000005,0.45244257851508574,1489,-1.027720027720028,2024
2024-10-09,-1,558,2614.735,2624.165,9.429999999999836,5.697000000000116,close,33.39505000000006,0.2823771786537172,1490,0.5617179215270635,2024
2024-10-11,1,559,2645.958,2628.075,17.883000000000266,10.069999999999709,close,32.150578947368466,0.5562263755584406,1492,0.5407370128054334,2024
2024-10-14,1,560,2660.575,2643.058,17.516999999999825,-8.226999999999862,close,32.35247368421056,0.5414423691672423,1493,-0.49249300679339775,2024
2024-10-15,1,630,2652.608,2637.955,14.653000000000247,8.989999999999782,close,32.839157894736864,0.4462051081507387,1494,0.5862280761618534,2024
2024-10-16,1,543,2670.425,2658.558,11.86700000000019,4.2729999999996835,close,33.10226315789475,0.35849512594941596,1495,0.3263672368753368,2024
2024-10-17,1,580,2684.755,2673.324,11.43100000000004,-11.43100000000004,stop,31.701736842105266,0.3605796129383593,1496,-1.034992564080133,2024
2024-10-21,1,681,2732.675,2720.908,11.76700000000028,-11.76700000000028,stop,30.044578947368407,0.39165135316469285,1498,-1.0339933712925973,2024
2024-10-22,1,563,2735.818,2720.188,15.63000000000011,12.42699999999968,close,30.31947368421051,0.5155102678493971,1499,0.7694817658349069,2024
2024-10-23,1,559,2753.018,2737.765,15.253000000000156,-15.253000000000156,stop,29.69952631578946,0.5135772145931853,1500,-1.0262243493083325,2024
2024-10-24,1,547,2729.615,2717.704,11.910999999999603,7.2830000000003565,close,31.229526315789467,0.3814018784517225,1501,0.5778691965410616,2024
2024-10-25,-1,675,2723.805,2735.328,11.523000000000138,-11.523000000000138,stop,31.107999999999983,0.3704191847756251,1502,-1.0347131823309899,2024
2024-10-31,-1,600,2779.605,2790.005,10.400000000000091,33.25700000000006,close,29.43305263157895,0.35334425314898704,1506,3.1593269230769017,2024
2024-11-01,-1,818,2744.695,2757.535,12.83999999999969,-12.83999999999969,stop,31.120947368421064,0.41258384097357687,1507,-1.0311526479750786,2024
2024-11-04,1,549,2743.585,2735.185,8.400000000000091,-8.400000000000091,stop,30.64494736842107,0.2741071765930361,1508,-1.0476190476190472,2024
2024-11-05,1,545,2738.705,2724.695,14.009999999999764,4.180000000000291,close,30.446947368421064,0.46014465195714965,1509,0.269807280513944,2024
2024-11-06,-1,835,2701.245,2749.605,48.36000000000013,40.63000000000011,close,29.229578947368402,1.6544884237668458,1510,0.8318858560794046,2024
2024-11-07,1,560,2664.075,2643.134,20.940999999999804,40.20900000000029,close,33.34484210526314,0.6280131701896553,1511,1.9010075927606447,2024
2024-11-08,-1,540,2685.845,2710.235,24.390000000000327,0.8899999999998727,close,35.03309999999999,0.6961987377651516,1512,0.02009020090200353,2024
2024-11-11,-1,680,2666.375,2686.025,19.65000000000009,44.42000000000007,close,34.87094999999999,0.5635062996563069,1513,2.24020356234096,2024
2024-11-12,-1,564,2603.295,2627.015,23.7199999999998,3.70699999999988,close,37.46410000000001,0.6331394588419258,1514,0.13941821247891686,2024
2024-11-14,-1,553,2551.765,2574.515,22.75,-22.75,stop,38.747600000000034,0.5871331385685818,1516,-1.0175824175824175,2024
2024-11-15,1,817,2571.585,2554.335,17.25,-9.490000000000236,close,39.789750000000026,0.43352873541552756,1517,-0.573333333333347,2024
2024-11-18,1,711,2597.155,2569.735,27.420000000000073,13.042999999999665,close,39.39275000000002,0.696067169720318,1518,0.46108679795768165,2024
2024-11-19,1,643,2626.515,2610.905,15.609999999999673,7.083000000000084,close,40.63610000000001,0.38414119465203767,1519,0.42812299807816934,2024
2024-11-20,-1,544,2628.465,2641.665,13.199999999999818,-13.199999999999818,stop,40.59459999999999,0.325166401442552,1520,-1.0303030303030307,2024
2024-11-21,1,563,2662.085,2650.284,11.80099999999993,9.289999999999964,close,39.93795,0.295483368575501,1521,0.75332598932294,2024
2024-11-22,1,540,2693.115,2668.718,24.396999999999935,12.580000000000382,close,39.74840000000002,0.6137857121292913,1522,0.49924171004633416,2024
2024-11-26,1,755,2632.085,2608.498,23.58699999999999,-0.5599999999999454,close,44.74425000000001,0.527151533437257,1524,-0.040700385805738155,2024
2024-11-27,1,540,2647.865,2626.935,20.929999999999836,-10.9699999999998,close,44.8242,0.46693527157204895,1525,-0.5432393693263206,2024
2024-12-04,-1,635,2637.575,2651.285,13.710000000000036,-13.710000000000036,stop,46.13649999999997,0.29716168326596176,1530,-1.0291757840991975,2024
2024-12-05,-1,617,2644.595,2655.445,10.850000000000364,13.419999999999618,close,42.10166666666664,0.2577095126875509,1531,1.1999999999999245,2024
2024-12-06,1,658,2644.405,2612.585,31.820000000000164,-12.64700000000039,close,40.15444444444441,0.7924402999529642,1532,-0.4100251414205004,2024
2024-12-09,1,574,2650.515,2627.455,23.059999999999945,7.230000000000018,close,40.31722222222217,0.5719640076614619,1533,0.2961838681699928,2024
2024-12-10,1,759,2673.625,2657.805,15.820000000000164,18.0300000000002,close,38.833333333333286,0.40738197424893174,1534,1.1144121365360316,2024
2024-12-13,-1,654,2678.675,2692.595,13.919999999999618,30.93000000000029,close,39.22550000000001,0.35487119348382085,1537,2.1932471264368627,2024
2024-12-16,1,584,2655.448,2643.374,12.07400000000007,-2.862999999999829,close,40.6008888888889,0.2973826517208178,1538,-0.2702501242338753,2024
2024-12-17,-1,637,2646.294,2658.465,12.171000000000276,2.9299999999998363,close,38.92055555555559,0.3127139329403269,1539,0.20787116917260529,2024
2024-12-18,-1,601,2642.555,2651.525,8.970000000000255,50.19999999999982,close,38.72888888888893,0.23161005278862234,1540,5.551839464882765,2024
2024-12-19,1,563,2617.948,2587.784,30.16399999999976,-30.16399999999976,stop,40.282055555555594,0.7488197805198553,1541,-1.0132608407373027,2024
2024-12-20,1,543,2605.198,2589.475,15.722999999999956,17.376999999999953,close,41.36211111111111,0.3801305005386024,1542,1.079755771799275,2024
2024-12-23,1,547,2632.795,2617.285,15.510000000000218,-15.510000000000218,stop,41.293944444444456,0.3755998660013425,1543,-1.0257898130238552,2024
2024-12-26,1,551,2629.065,2618.205,10.860000000000127,5.049999999999727,close,36.82070588235298,0.29494274321354025,1545,0.4281767955800803,2024
2024-12-27,1,545,2636.825,2628.765,8.059999999999945,-8.059999999999945,stop,36.44211764705886,0.22117265736477984,1546,-1.049627791563276,2024
2024-12-30,-1,541,2618.108,2627.985,9.876999999999953,10.523000000000138,close,35.9075555555556,0.275067457173976,1547,1.02490634808142,2024
2024-12-31,1,585,2611.375,2602.475,8.900000000000091,11.68899999999985,close,35.70610526315793,0.2492570929930921,1548,1.268426966292105,2024
2025-01-02,1,607,2636.298,2622.448,13.849999999999909,23.300000000000182,close,35.37842105263163,0.3914815751498801,1549,1.6534296028881108,2025
2025-01-03,-1,548,2655.815,2665.185,9.36999999999989,17.700000000000273,close,36.290894736842176,0.2581914848874628,1550,1.84631803628607,2025
2025-01-06,-1,562,2630.025,2647.275,17.25,-17.25,stop,36.48968421052639,0.47273634653773716,1551,-1.0231884057971015,2025
2025-01-07,1,789,2646.515,2632.775,13.739999999999782,3.6829999999999927,close,36.64126315789482,0.37498707238315626,1552,0.23893740902474855,2025
2025-01-09,1,757,2666.775,2655.305,11.470000000000255,2.8299999999999272,close,35.2897894736843,0.32502319144050057,1554,0.21185701830862017,2025
2025-01-10,1,543,2678.285,2668.728,9.556999999999789,-9.556999999999789,stop,34.52752631578955,0.27679364900315323,1555,-1.041854138327928,2025
2025-01-13,-1,724,2679.145,2693.245,14.099999999999909,16.90000000000009,close,33.88773684210532,0.4160797183269182,1556,1.1702127659574608,2025
2025-01-14,-1,700,2666.059,2675.155,9.096000000000004,-9.096000000000004,stop,33.151421052631626,0.2743773784405524,1557,-1.0439753737906772,2025
2025-01-15,1,570,2683.125,2669.315,13.809999999999945,13.11999999999989,close,31.592105263157944,0.43713452728029745,1558,0.9210716871831963,2025
2025-01-16,1,618,2702.008,2689.725,12.282999999999902,13.677000000000135,close,31.916842105263186,0.38484383760429725,1559,1.080924855491349,2025
2025-01-21,1,578,2729.405,2702.745,26.66000000000031,12.899999999999636,close,29.144000000000055,0.9147680483118398,1562,0.468867216804182,2025
2025-01-22,1,681,2758.475,2742.455,16.019999999999982,-1.9099999999998545,close,29.19288888888895,0.5487637780890305,1563,-0.1441947565542982,2025
2025-01-24,1,812,2778.115,2754.075,24.039999999999964,-7.209999999999582,close,28.67800000000005,0.8382732408117693,1565,-0.3165557404325954,2025
2025-01-27,-1,566,2750.565,2772.415,21.84999999999991,9.226999999999862,close,29.094473684210577,0.7510017275843622,1566,0.4039816933638397,2025
2025-02-03,1,622,2795.598,2771.885,23.712999999999738,20.88700000000017,close,29.56057894736846,0.802183206297139,1571,0.8639564795681862,2025
2025-02-04,-1,563,2810.648,2824.445,13.797000000000025,-13.797000000000025,stop,30.796368421052648,0.44800736928995444,1572,-1.0289918098137276,2025
2025-02-05,1,597,2861.685,2839.335,22.34999999999991,0.8000000000001819,close,31.16936842105265,0.7170501403199464,1573,0.01789709172260329,2025
2025-02-06,-1,540,2858.358,2873.085,14.726999999999862,2.0100000000002183,close,32.123631578947375,0.4584475439461641,1574,0.10932301215456193,2025
2025-02-07,1,670,2870.395,2857.415,12.980000000000018,-12.980000000000018,stop,32.967842105263166,0.3937170033317959,1575,-1.0308166409861326,2025
2025-02-10,1,569,2892.125,2865.558,26.567000000000007,15.023000000000138,close,32.96868421052633,0.8058253047150006,1576,0.5504196936048532,2025
2025-02-11,-1,660,2905.015,2942.665,37.65000000000009,7.670000000000073,close,34.05168421052634,1.1056721825336737,1577,0.19309428950863358,2025
2025-02-12,-1,752,2883.345,2898.765,15.420000000000073,-15.420000000000073,stop,36.38468421052632,0.42380469515079555,1578,-1.0259403372243838,2025
2025-02-14,1,618,2936.635,2922.915,13.720000000000255,-13.720000000000255,stop,37.021842105263154,0.37059204026073495,1580,-1.0291545189504367,2025
2025-02-19,1,636,2939.465,2924.0,15.465000000000146,-15.465000000000146,stop,39.521157894736824,0.39130938524601466,1583,-1.0258648561267376,2025
2025-02-20,1,548,2948.845,2933.615,15.230000000000018,-15.230000000000018,stop,39.8895789473684,0.3818039799340818,1584,-1.0262639527248851,2025
2025-02-21,-1,612,2923.955,2949.545,25.590000000000146,-10.570000000000164,close,40.301157894736804,0.6349693491893967,1585,-0.4286830793278664,2025
2025-02-24,1,590,2944.575,2921.055,23.519999999999982,5.820000000000164,close,40.31642105263156,0.583385116682245,1586,0.2304421768707554,2025
2025-02-25,-1,586,2933.305,2952.405,19.100000000000364,20.75,close,39.95294736842104,0.4780623522933648,1587,1.0654450261779902,2025
2025-02-26,-1,540,2906.445,2929.995,23.549999999999727,-9.679999999999836,close,41.80168421052629,0.5633744296376816,1588,-0.4280254777070044,2025
2025-02-27,-1,584,2888.295,2918.975,30.679999999999836,14.5300000000002,close,42.77126315789469,0.7173040432951755,1589,0.46056062581487206,2025
2025-02-28,-1,602,2856.785,2884.925,28.140000000000327,2.3099999999999454,close,43.40773684210521,0.6482715305421018,1590,0.06787491115849052,2025
2025-03-03,-1,627,2859.055,2871.848,12.79300000000012,-12.79300000000012,stop,44.79878947368417,0.28556575189414485,1591,-1.031267099194872,2025
2025-03-04,1,562,2894.225,2881.648,12.57699999999977,22.980000000000018,close,43.7166842105263,0.2876933652935056,1592,1.7953407012801488,2025
2025-03-05,1,616,2921.505,2901.758,19.7470000000003,-19.7470000000003,stop,44.11968421052631,0.44757799955623784,1593,-1.0202562414543979,2025
2025-03-06,-1,573,2914.385,2926.425,12.039999999999964,5.830000000000382,close,43.736684210526306,0.2752837856213673,1594,0.45099667774089686,2025
2025-03-07,1,582,2914.685,2895.698,18.98700000000008,-5.1599999999998545,close,43.551421052631575,0.4359674045320916,1595,-0.2928319376415353,2025
2025-03-10,-1,654,2906.689,2918.125,11.43600000000015,21.29399999999987,close,43.549684210526316,0.2625966228530303,1596,1.827037425673277,2025
2025-03-11,1,608,2902.605,2879.938,22.666999999999916,15.590000000000146,close,42.548789473684195,0.5327296094761785,1597,0.6701372038646579,2025
2025-03-12,-1,603,2910.558,2921.035,10.476999999999862,-10.476999999999862,stop,41.552999999999976,0.2521358265347837,1598,-1.0381788679965644,2025
2025-03-13,-1,612,2935.255,2946.975,11.7199999999998,-11.7199999999998,stop,40.986842105263136,0.285945425361151,1599,-1.034129692832765,2025
2025-03-14,1,729,2993.835,2981.0,12.835000000000036,-12.835000000000036,stop,42.24563157894734,0.3038183954242555,1600,-1.0311647837943123,2025
2025-03-17,1,745,2992.895,2981.975,10.920000000000073,7.204000000000178,close,40.32510526315785,0.27079904512926073,1601,0.6230769230769352,2025
2025-03-18,1,612,3017.439,2999.258,18.18100000000004,17.93600000000015,close,39.263849999999955,0.46304679749948263,1602,0.964523403553166,2025
2025-03-19,-1,704,3027.175,3045.155,17.980000000000018,-17.980000000000018,stop,38.95134999999998,0.46160145925622675,1603,-1.022246941045606,2025
2025-03-20,-1,621,3044.668,3057.245,12.57699999999977,0.22000000000025466,close,38.998499999999964,0.3224995833173015,1604,-0.014311839071300679,2025
2025-03-24,1,607,3025.545,3013.475,12.070000000000164,-12.070000000000164,stop,39.80219999999995,0.3032495691192994,1606,-1.0331400165700078,2025
2025-03-25,1,708,3020.895,3007.315,13.579999999999927,-1.3470000000002074,close,39.602699999999956,0.34290591298067913,1607,-0.1286450662739482,2025
2025-03-26,1,607,3026.955,3013.048,13.907000000000153,-13.907000000000153,stop,37.76904999999997,0.3682115382833342,1608,-1.0287624937082043,2025
2025-03-27,1,775,3038.495,3021.355,17.139999999999873,18.860000000000127,close,36.789699999999996,0.4658912684800331,1609,1.0770128354725943,2025
2025-03-28,1,607,3084.848,3054.685,30.16300000000001,-4.222999999999956,close,36.24820000000002,0.8321240778852466,1610,-0.15326724795278834,2025
2025-04-03,-1,568,3123.785,3167.548,43.76299999999992,16.379999999999654,close,34.84494736842106,1.2559353164545464,1614,0.36514864154650467,2025
2025-04-04,-1,676,3086.838,3116.165,29.32699999999977,-29.32699999999977,stop,38.95036842105262,0.7529325443850889,1615,-1.0136393084870599,2025
2025-04-08,1,559,3008.045,2978.385,29.659999999999854,-29.659999999999854,stop,46.7123684210526,0.6349496076211052,1617,-1.0134861766689143,2025
2025-04-09,1,546,3020.365,2969.605,50.75999999999976,72.80000000000018,close,47.01815789473683,1.0795829158947503,1618,1.4263199369582449,2025
2025-04-11,1,681,3219.935,3182.515,37.42000000000007,10.849999999999909,close,54.80784210526317,0.682749011138438,1620,0.27926242650988475,2025
2025-04-14,-1,800,3215.265,3245.515,30.25,2.6900000000000546,close,57.11994736842107,0.5295873227068798,1621,0.07570247933884479,2025
2025-04-16,1,560,3291.585,3237.845,53.74000000000024,44.929999999999836,close,58.019421052631586,0.9262415760965742,1623,0.8286192780052036,2025
2025-04-17,-1,614,3320.515,3356.065,35.55000000000018,-0.09000000000014552,close,62.40084210526318,0.569703850150473,1624,-0.013783403656825401,2025
2025-04-21,1,543,3385.695,3342.825,42.870000000000346,37.57999999999993,close,64.62678947368424,0.6633472024392737,1625,0.8672731513879083,2025
2025-04-22,1,553,3495.355,3411.075,84.2800000000002,-84.2800000000002,stop,67.4885263157895,1.2488048650764834,1626,-1.0047460844803038,2025
2025-04-23,-1,542,3315.565,3386.375,70.80999999999995,21.929999999999836,close,72.87800000000001,0.9716238096544901,1627,0.3040530998446527,2025
2025-04-30,-1,668,3301.025,3327.865,26.83999999999969,5.369999999999891,close,85.31210000000002,0.3146095337003741,1632,0.18517138599105618,2025
2025-05-01,-1,763,3220.605,3284.845,64.23999999999978,-7.400000000000091,close,85.95309999999999,0.7473843293610095,1633,-0.1214196762141986,2025
2025-05-02,1,559,3258.455,3227.115,31.340000000000146,-31.340000000000146,stop,88.9541,0.35231653178437133,1634,-1.0127632418634331,2025
2025-05-05,1,689,3272.205,3238.435,33.76999999999998,56.409999999999854,close,85.59394999999999,0.39453723072717156,1635,1.658572697660642,2025
2025-05-08,-1,540,3354.585,3414.705,60.11999999999989,48.5,close,86.25505000000001,0.6970026682495678,1638,0.8000665335994692,2025
2025-05-09,1,611,3329.915,3274.295,55.61999999999989,-1.300000000000182,close,86.07504999999999,0.6461802810454353,1639,-0.030564545127655253,2025
2025-05-12,-1,600,3258.535,3289.675,31.140000000000327,23.2199999999998,close,84.46384999999998,0.3686784346202587,1640,0.732819524727025,2025
2025-05-13,1,588,3260.545,3215.535,45.01000000000022,-11.430000000000291,close,85.19434999999999,0.5283214203758844,1641,-0.26283048211509075,2025
2025-05-15,-1,543,3122.935,3192.555,69.61999999999989,-69.61999999999989,stop,88.39535000000001,0.787597990165771,1643,-1.0057454754380926,2025
2025-05-16,-1,621,3206.255,3250.895,44.63999999999987,13.829999999999927,close,88.37935,0.5050953644714503,1644,0.30085125448028593,2025
2025-05-20,1,715,3232.445,3204.205,28.240000000000236,61.559999999999945,close,86.65785000000001,0.3258793057986118,1646,2.1657223796033795,2025
2025-05-21,1,579,3319.325,3285.105,34.2199999999998,-1.2300000000000182,close,84.52885,0.40483219634479584,1647,-0.04763296317942804,2025
2025-05-22,-1,690,3317.008,3345.198,28.190000000000055,26.932999999999993,close,80.16650000000001,0.351643142709237,1648,0.94122029088329,2025
2025-05-23,1,540,3325.398,3286.765,38.633000000000266,35.149999999999636,close,79.53795,0.4857178240072854,1649,0.8994900732534206,2025
2025-05-27,-1,584,3315.678,3349.748,34.070000000000164,11.51299999999992,close,77.86536842105261,0.43755010334977873,1651,0.3261813912532981,2025
2025-05-28,1,643,3315.525,3291.398,24.126999999999953,-24.126999999999953,stop,78.74794736842102,0.3063825890866992,1652,-1.0165789364612259,2025
2025-05-29,1,661,3287.398,3245.198,42.20000000000027,29.08699999999999,close,77.48336842105262,0.5446330078305466,1653,0.6797867298578153,2025
2025-05-30,-1,613,3289.898,3322.448,32.54999999999973,-4.846999999999753,close,77.35110526315789,0.4208084666568197,1654,-0.16119815668202142,2025
2025-06-02,1,541,3325.548,3301.195,24.35299999999961,55.86700000000019,close,77.61126315789474,0.31378177611225216,1655,2.2776249332731524,2025
2025-06-03,-1,582,3356.038,3391.935,35.896999999999935,3.663000000000011,close,76.89636842105263,0.4668230858893472,1656,0.09089896091595445,2025
2025-06-05,1,743,3383.975,3360.925,23.049999999999727,-23.049999999999727,stop,72.6732105263158,0.31717327242138366,1658,-1.0173535791757051,2025
2025-06-06,-1,586,3355.848,3375.348,19.5,43.73000000000002,close,69.40321052631582,0.28096682923056027,1659,2.222051282051283,2025
2025-06-09,1,562,3318.448,3293.198,25.25,8.606999999999971,close,68.9391578947369,0.3662649903347266,1660,0.3250297029702959,2025
2025-06-10,1,572,3327.725,3301.698,26.027000000000044,0.7600000000002183,close,66.81742105263163,0.3895241628601432,1661,0.013831790064172499,2025
2025-06-11,1,650,3342.895,3315.245,27.65000000000009,3.643000000000029,close,66.6767368421053,0.41468736038293275,1662,0.11728752260397897,2025
2025-06-12,-1,636,3357.385,3377.548,20.162999999999556,-20.162999999999556,stop,64.36200000000005,0.313274913768987,1663,-1.0198383177106585,2025
2025-06-16,-1,545,3417.555,3451.085,33.5300000000002,33.66999999999962,close,59.98989473684215,0.5589274684859233,1665,0.9922457500745429,2025
2025-06-20,-1,540,3342.435,3370.265,27.829999999999927,-27.829999999999927,stop,57.89938888888893,0.4806613771590358,1669,-1.0143729787998563,2025
2025-06-24,-1,550,3326.375,3357.615,31.23999999999978,3.0100000000002183,close,55.116789473684236,0.5667964389492509,1671,0.08354673495519323,2025
2025-06-25,1,644,3335.048,3321.255,13.792999999999665,-13.792999999999665,stop,55.583000000000034,0.2481514132018721,1672,-1.029000217501632,2025
2025-06-26,1,609,3342.985,3328.998,13.98700000000008,-13.98700000000008,stop,54.960894736842135,0.25449003454130675,1673,-1.028597983842139,2025
2025-06-27,-1,578,3288.998,3323.348,34.34999999999991,18.572999999999865,close,52.57947368421054,0.6532967637961563,1674,0.5290538573507981,2025
2025-06-30,1,543,3291.215,3259.195,32.01999999999998,17.2829999999999,close,53.67736842105263,0.5965270083442005,1675,0.5272642098688293,2025
2025-07-01,1,584,3332.175,3308.365,23.8100000000004,5.730000000000018,close,52.4855789473684,0.4536484207190825,1676,0.2238555228895392,2025
2025-07-02,-1,610,3328.208,3344.765,16.55699999999979,-16.55699999999979,stop,52.303842105263115,0.31655418289689524,1677,-1.0241589659962556,2025
2025-07-03,1,543,3361.948,3341.648,20.299999999999727,-20.299999999999727,stop,51.83031578947363,0.39166267252653925,1678,-1.0197044334975371,2025
2025-07-07,-1,645,3305.005,3334.248,29.242999999999938,-29.242999999999938,stop,50.590722222222134,0.5780308862077256,1680,-1.01367848715932,2025
2025-07-08,-1,667,3327.115,3339.848,12.733000000000175,24.396999999999935,close,50.66216666666656,0.25133153273481923,1681,1.8846304877090714,2025
2025-07-09,-1,680,3284.638,3307.725,23.08699999999999,-23.08699999999999,stop,51.298055555555415,0.4500560450092877,1682,-1.0173257677480834,2025
2025-07-10,1,559,3326.085,3314.655,11.429999999999836,-11.429999999999836,stop,50.6876666666665,0.22549864201021697,1683,-1.0349956255468071,2025
2025-07-11,1,558,3341.508,3322.305,19.202999999999975,14.76700000000028,close,48.45544444444428,0.39630221578127983,1684,0.7481643493204343,2025
2025-07-14,1,629,3373.705,3353.435,20.269999999999982,-20.269999999999982,stop,47.32788888888874,0.42828869987393015,1685,-1.0197335964479526,2025
2025-07-15,1,646,3364.955,3343.625,21.329999999999927,-21.329999999999927,stop,45.41066666666651,0.4697134300311234,1686,-1.0187529301453353,2025
2025-07-16,1,545,3339.695,3324.865,14.830000000000382,-14.830000000000382,stop,45.90122222222208,0.32308507882870185,1687,-1.026972353337828,2025
2025-07-17,-1,546,3335.695,3349.938,14.242999999999938,-3.8399999999996908,close,47.04266666666654,0.3027677002437498,1688,-0.29769009337918345,2025
2025-07-18,-1,540,3333.165,3344.048,10.88299999999981,-10.88299999999981,stop,46.80094736842095,0.2325380277952053,1689,-1.0367545713498123,2025
2025-07-21,1,567,3369.395,3345.245,24.15000000000009,29.253000000000156,close,46.55357894736833,0.5187571083912398,1690,1.1947412008281595,2025
2025-07-22,-1,541,3384.498,3402.475,17.97699999999986,-17.97699999999986,stop,46.89926315789465,0.38331092621811813,1691,-1.0222506536129499,2025
2025-07-24,-1,555,3374.215,3393.165,18.949999999999818,3.950000000000273,close,47.32105263157887,0.40045601156711946,1693,0.18733509234830117,2025
2025-07-25,-1,550,3355.085,3373.295,18.210000000000036,17.699999999999818,close,47.40878947368413,0.38410598967324655,1694,0.9500274574409547,2025
2025-07-28,1,540,3343.898,3327.465,16.432999999999993,-16.432999999999993,stop,46.16021052631574,0.3559992429114163,1695,-1.0243412645286922,2025
2025-07-29,1,559,3320.648,3307.815,12.833000000000084,4.199999999999818,close,45.068473684210474,0.2847444998896438,1696,0.2961115873139401,2025
2025-07-30,1,777,3333.505,3321.655,11.849999999999909,-11.849999999999909,stop,43.49931578947364,0.272418077961297,1697,-1.0337552742616036,2025
2025-07-31,1,547,3301.385,3277.498,23.88700000000017,-10.640000000000327,close,45.278789473684185,0.5275538564007587,1698,-0.46217607903881813,2025
2025-08-01,1,832,3300.148,3281.435,18.713000000000193,56.80699999999979,close,44.5924736842105,0.4196448067115454,1699,3.014321594613328,2025
2025-08-04,1,597,3362.125,3344.748,17.376999999999953,13.722999999999956,close,46.34349999999997,0.37496088987668097,1700,0.7667031133106976,2025
2025-08-05,-1,581,3367.498,3382.198,14.699999999999818,-14.699999999999818,stop,46.05869999999997,0.319157944101762,1701,-1.0272108843537417,2025
2025-08-06,-1,621,3370.505,3385.098,14.592999999999847,-0.9899999999997817,close,45.15905,0.3231467446724377,1702,-0.09525114781058015,2025
2025-08-07,1,582,3384.005,3364.895,19.110000000000127,15.579999999999927,close,44.80455000000002,0.42651918164561675,1703,0.7943485086342138,2025
2025-08-08,1,651,3402.705,3380.839,21.865999999999985,-21.865999999999985,stop,45.575700000000026,0.47977321247945665,1704,-1.0182932406475806,2025
2025-08-11,-1,568,3367.205,3396.835,29.63000000000011,15.799999999999727,close,44.99635000000003,0.6584978559372058,1705,0.5197435032061988,2025
2025-08-12,-1,555,3345.905,3357.235,11.329999999999927,-11.329999999999927,stop,46.493350000000035,0.24369076437812975,1706,-1.035304501323919,2025
2025-08-13,1,555,3354.199,3342.439,11.760000000000218,3.4659999999998945,close,45.6037,0.2578738128704517,1707,0.2607142857142719,2025
2025-08-14,-1,641,3355.265,3374.555,19.289999999999964,17.449999999999818,close,44.12270000000001,0.4371899271803394,1708,0.8838776568169959,2025
2025-08-19,1,612,3341.395,3325.885,15.509999999999764,-15.509999999999764,stop,42.52564999999997,0.3647210565858435,1711,-1.025789813023856,2025
2025-08-20,1,540,3323.695,3311.255,12.440000000000055,24.952999999999975,close,41.536949999999955,0.29949237967641024,1712,1.9737138263665488,2025
2025-08-21,-1,555,3336.875,3349.315,12.440000000000055,-1.7399999999997817,close,40.61209999999994,0.30631265066322777,1713,-0.1720257234726505,2025
2025-08-22,-1,564,3327.015,3340.075,13.059999999999945,-13.059999999999945,stop,39.86159999999995,0.32763361229855203,1714,-1.0306278713629404,2025
2025-08-27,-1,615,3373.695,3393.295,19.59999999999991,-19.59999999999991,stop,39.63244999999997,0.49454424341669323,1717,-1.0204081632653061,2025
2025-08-28,1,697,3399.175,3384.445,14.730000000000018,22.759999999999764,close,37.58464999999997,0.391915316492239,1718,1.517990495587219,2025
2025-08-29,-1,627,3406.805,3417.645,10.840000000000146,-10.840000000000146,stop,37.45584999999996,0.2894073956404716,1719,-1.0369003690036895,2025
2025-09-02,-1,653,3473.878,3508.228,34.34999999999991,-34.34999999999991,stop,35.7066842105263,0.9620047551173503,1721,-1.0116448326055312,2025
2025-09-08,1,583,3596.815,3579.365,17.450000000000273,39.570000000000164,close,40.83357894736841,0.4273443682830762,1725,2.2446991404011203,2025
2025-09-10,1,552,3645.055,3619.965,25.08999999999969,-3.269999999999982,close,42.04973684210527,0.5966743643179369,1727,-0.14627341570346858,2025
2025-09-11,-1,541,3623.225,3648.895,25.670000000000073,-13.460000000000036,close,42.61115789473682,0.602424371180271,1728,-0.5399298792364627,2025
2025-09-16,1,584,3689.169,3674.455,14.713999999999942,0.25600000000031287,close,43.99678947368418,0.3344334933529828,1731,-0.009786597797994272,2025
2025-09-17,-1,573,3674.208,3695.185,20.97699999999986,-20.97699999999986,stop,43.89063157894734,0.4779379846076703,1732,-1.0190685035991802,2025
2025-09-18,-1,541,3649.088,3671.735,22.646999999999935,-22.646999999999935,stop,45.08010526315789,0.5023723850642468,1733,-1.0176623835386585,2025
2025-09-22,1,548,3700.045,3685.235,14.809999999999945,47.460000000000036,close,45.81399999999997,0.32326363120443435,1735,3.1775827143821886,2025
2025-09-23,1,689,3759.035,3736.455,22.579999999999927,5.120000000000346,close,48.36821052631575,0.4668355466182649,1736,0.2090345438441258,2025
2025-09-24,1,635,3776.795,3750.329,26.465999999999894,-26.465999999999894,stop,49.152947368421,0.5384417703708922,1737,-1.015113730824454,2025
2025-09-25,1,639,3751.348,3729.365,21.983000000000175,-21.983000000000175,stop,51.08694736842101,0.4303056090133268,1738,-1.0181958786334893,2025
2025-09-26,1,559,3753.035,3734.275,18.759999999999764,13.490000000000236,close,51.1335789473684,0.3668822012108591,1739,0.6977611940298721,2025
2025-09-29,1,540,3814.305,3763.665,50.63999999999987,14.309999999999945,close,51.13042105263153,0.9904084292181587,1740,0.2746840442338069,2025
2025-09-30,1,550,3870.165,3827.855,42.309999999999945,-42.309999999999945,stop,52.44424999999994,0.8067614657469597,1741,-1.0094540297801937,2025
2025-10-01,-1,561,3855.385,3875.295,19.909999999999854,-19.909999999999854,stop,52.87354999999993,0.37655878979186913,1742,-1.0200904068307384,2025
2025-10-02,1,545,3870.905,3852.635,18.269999999999982,-18.269999999999982,stop,52.36169999999993,0.34891915273950247,1743,-1.0218938149972632,2025
2025-10-03,1,641,3863.455,3837.785,25.670000000000073,22.09999999999991,close,53.57619999999995,0.47913065876266137,1744,0.8453447604207187,2025
2025-10-06,1,662,3944.955,3897.535,47.42000000000007,14.289999999999964,close,53.25119999999995,0.8904963644011801,1745,0.2929143821172489,2025
2025-10-07,-1,582,3955.585,3977.125,21.539999999999964,-21.539999999999964,stop,54.16419999999996,0.3976796481809014,1746,-1.0185701021355618,2025
2025-10-08,1,610,4036.785,3984.045,52.73999999999978,7.769999999999982,close,54.32319999999995,0.9708559142318536,1747,0.13974213120970821,2025
2025-10-09,1,839,4043.405,4001.025,42.38000000000011,-42.38000000000011,stop,56.20404999999996,0.7540381876395054,1748,-1.0094384143463897,2025
2025-10-10,1,707,3994.175,3946.675,47.5,16.83999999999969,close,60.03139999999996,0.7912525778176093,1749,0.34610526315788825,2025
2025-10-13,1,712,4077.748,4024.295,53.452999999999975,30.63700000000017,close,62.528049999999965,0.8548643368856058,1750,0.5656745178006882,2025
2025-10-14,-1,554,4110.448,4179.355,68.90699999999924,-30.906999999999243,close,65.39169999999999,1.0537575869720355,1751,-0.45433700494869295,2025
2025-10-15,1,583,4193.465,4153.465,40.0,16.550000000000182,close,68.45054999999998,0.5822159208362837,1752,0.4037500000000046,2025
2025-10-16,1,781,4241.955,4203.175,38.779999999999745,65.06999999999971,close,69.26989999999998,0.559839122042904,1753,1.667612171222283,2025
2025-10-21,-1,543,4316.965,4372.108,55.14300000000003,208.27999999999975,close,84.58064999999999,0.6519576286065434,1756,3.769834793174104,2025
2025-10-23,1,540,4110.215,4065.405,44.809999999999945,7.9099999999998545,close,98.55484210526313,0.45467070965564416,1758,0.1675965186342304,2025
2025-10-24,-1,540,4102.305,4144.145,41.840000000000146,-1.5599999999994907,close,101.16115789473682,0.41359748020615517,1759,-0.046845124282970454,2025
2025-10-27,-1,713,4053.505,4097.545,44.039999999999964,63.539999999999964,close,103.85626315789474,0.4240476083088516,1760,1.4336966394187107,2025
2025-10-28,-1,601,3938.015,4019.405,81.39000000000033,-22.26000000000022,close,107.02063157894739,0.7605075656833536,1761,-0.27841258139820774,2025
2025-10-29,1,609,3984.595,3943.605,40.98999999999978,-40.98999999999978,stop,109.89305263157897,0.3729990114791011,1762,-1.0097584776774824,2025
2025-10-30,1,721,3982.295,3915.065,67.23000000000002,40.909999999999854,close,113.75184210526318,0.5910233958038852,1763,0.6025583816748452,2025
2025-11-03,1,541,4018.335,3962.325,56.01000000000022,-8.230000000000018,close,116.5437894736842,0.4805918895630846,1765,-0.154079628637743,2025
2025-11-04,1,608,3999.155,3966.395,32.76000000000022,-32.76000000000022,stop,115.56394736842105,0.2834794133118388,1766,-1.0122100122100122,2025
2025-11-05,1,605,3978.345,3929.648,48.69699999999966,5.920000000000073,close,116.96184210526319,0.41634946170028164,1767,0.1133540053802105,2025
2025-11-06,1,540,3992.598,3964.355,28.242999999999938,-12.210000000000036,close,116.13221052631582,0.24319695519444204,1768,-0.4464823142017514,2025
2025-11-07,1,541,4008.335,3984.295,24.039999999999964,-24.039999999999964,stop,113.02394736842109,0.21269828704210295,1769,-1.016638935108153,2025
2025-11-10,1,553,4078.315,4010.915,67.40000000000009,33.133000000000266,close,111.83957894736845,0.6026489068929564,1770,0.48565281899110124,2025
2025-11-13,1,599,4219.125,4179.625,39.5,-39.5,stop,111.82363157894736,0.3532348166685415,1773,-1.010126582278481,2025
2025-11-14,-1,542,4169.395,4211.015,41.61999999999989,82.4060000000004,close,111.11821052631576,0.37455606783861195,1774,1.9703507928880493,2025
2025-11-18,-1,552,4004.419,4044.935,40.516000000000076,-40.516000000000076,stop,107.0196315789474,0.3785847456418479,1776,-1.009872642906506,2025
2025-11-19,1,704,4098.415,4055.248,43.166999999999916,-22.269999999999982,close,95.8421578947369,0.4503967872615105,1777,-0.5251696898093456,2025
2025-11-20,-1,622,4039.998,4109.805,69.80700000000024,-37.10699999999997,close,94.92140000000006,0.7354189887633368,1778,-0.5372956866789841,2025
2025-11-21,-1,541,4028.965,4081.015,52.04999999999973,-52.04999999999973,stop,94.02990000000007,0.5535473290942529,1779,-1.0076849183477425,2025
2025-11-24,1,723,4075.855,4039.945,35.909999999999854,56.45999999999958,close,92.94175000000004,0.38637103346988666,1780,1.56112503480924,2025
2025-11-25,-1,638,4122.265,4155.585,33.31999999999971,-33.31999999999971,stop,90.73825000000004,0.36721007954197593,1781,-1.0120048019207684,2025
2025-11-26,1,812,4169.255,4132.445,36.8100000000004,-5.460000000000036,close,86.55945000000004,0.4252568610359745,1782,-0.1591958706873125,2025
2025-12-01,1,724,4256.245,4215.275,40.970000000000255,-19.050000000000182,close,81.93066666666674,0.5000569587293348,1785,-0.4747376128874801,2025
2025-12-02,-1,686,4197.895,4229.475,31.579999999999927,-31.579999999999927,stop,81.48494444444451,0.38755625613184047,1786,-1.012666244458518,2025
2025-12-03,-1,564,4203.155,4228.765,25.610000000000582,-25.610000000000582,stop,81.24477777777783,0.3152202603107552,1787,-1.0156188988676293,2025
2025-12-09,1,665,4198.568,4169.845,28.722999999999956,13.356999999999971,close,79.09387500000008,0.36315074966297867,1791,0.4511019043971727,2025
2025-12-10,-1,600,4201.525,4218.615,17.090000000000146,-17.090000000000146,stop,79.06825000000009,0.21614238332074032,1792,-1.0234055002925684,2025
2025-12-12,1,545,4283.015,4264.148,18.86700000000019,-18.86700000000019,stop,74.43637500000011,0.2534647878809273,1794,-1.0212010388509034,2025
2025-12-15,1,648,4347.185,4299.945,47.24000000000069,-47.24000000000069,stop,69.27512500000006,0.6819186540623442,1795,-1.0084674005080438,2025
2025-12-17,-1,758,4307.275,4342.255,34.98000000000047,-34.98000000000047,stop,65.81093750000005,0.531522590754773,1797,-1.0114351057747282,2025
2025-12-18,-1,655,4324.205,4342.735,18.529999999999745,-18.529999999999745,stop,63.96093750000006,0.2897080737754935,1798,-1.0215866162978955,2025
2025-12-22,1,540,4419.695,4354.885,64.80999999999949,18.76000000000022,close,61.698187500000046,1.0504360440085772,1800,0.2832896158000365,2025
2025-12-29,-1,540,4470.815,4527.545,56.73000000000047,136.35999999999967,close,65.16112500000003,0.8706111197435656,1804,2.3966155473294295,2025
2025-12-30,1,589,4379.765,4324.195,55.57000000000062,-38.36999999999989,close,75.95164705882353,0.7316497028295174,1805,-0.6976786035630639,2025
2026-01-02,1,596,4381.495,4341.075,40.42000000000007,-40.42000000000007,stop,78.75747058823521,0.5132211547438652,1807,-1.0098960910440375,2026
2026-01-05,1,615,4426.095,4370.025,56.07000000000062,18.460000000000036,close,81.43276470588225,0.6885434898657006,1808,0.3220973782771507,2026
2026-01-06,1,627,4473.915,4427.725,46.1899999999996,19.533000000000357,close,85.35923529411754,0.5411248102310816,1809,0.41422385797792866,2026
2026-01-09,1,680,4477.125,4452.585,24.539999999999964,30.149999999999636,close,85.05294736842093,0.28852615646229035,1812,1.2123064384677946,2026
2026-01-15,1,757,4617.915,4580.815,37.100000000000364,-12.359999999999673,close,85.25926315789461,0.435143333707841,1816,-0.3439353099730336,2026
2026-01-16,1,826,4615.735,4590.975,24.75999999999931,-24.75999999999931,stop,84.5761052631578,0.29275408134435593,1817,-1.016155088852989,2026
2026-01-20,1,553,4716.925,4659.245,57.68000000000029,39.47999999999956,close,87.60788888888874,0.6583881969026172,1819,0.6775312066574093,2026
2026-01-22,1,542,4829.195,4772.185,57.00999999999931,87.68000000000029,close,92.42272222222209,0.6168396540292755,1821,1.530959480792867,2026
2026-01-23,-1,620,4935.995,4967.235,31.23999999999978,-31.23999999999978,stop,97.22361111111098,0.32132112398394125,1822,-1.0128040973111396,2026
2026-01-27,1,549,5093.825,5013.595,80.22999999999956,82.72299999999996,close,99.09905263157883,0.8095940159818796,1824,1.0260874984419843,2026
2026-01-28,1,549,5271.195,5157.115,114.07999999999993,105.24000000000069,close,95.02942105263149,1.2004703252566107,1825,0.9190042075736391,2026
2026-01-30,-1,633,5111.398,5450.745,339.34699999999975,264.59000000000015,close,124.0813684210526,2.734874738393226,1827,0.7785246370234609,2026
2026-02-03,1,565,4893.535,4744.808,148.72699999999986,50.45300000000043,close,179.39294736842103,0.8290571183635095,1829,0.3365427931713843,2026
2026-02-04,1,594,5090.145,4945.725,144.42000000000007,-144.42000000000007,stop,193.2296315789474,0.7474008971599924,1830,-1.0027696994876056,2026
2026-02-10,1,669,5055.935,5008.155,47.780000000000655,-47.780000000000655,stop,224.4473684210527,0.21287841482002867,1834,-1.008371703641691,2026
2026-02-11,1,540,5064.295,5027.755,36.539999999999964,-36.539999999999964,stop,225.90194736842113,0.16175159367000613,1835,-1.0109469074986317,2026
2026-02-12,1,710,5077.995,5044.368,33.6269999999995,-33.6269999999995,stop,228.2330000000001,0.14733627477183178,1836,-1.0118952032592858,2026
2026-02-18,1,554,4939.845,4857.848,81.9970000000003,44.75,close,244.07389473684213,0.3359515366787119,1840,0.5408734465895074,2026
2026-02-19,1,540,5019.685,4960.048,59.637000000000626,-18.18000000000029,close,245.35336842105266,0.2430657479201881,1841,-0.311551553565741,2026
2026-02-20,1,654,5029.675,4981.315,48.36000000000058,66.96000000000004,close,240.39847368421061,0.20116600267407134,1842,1.3763440860214895,2026
2026-02-23,-1,566,5129.035,5176.385,47.350000000000364,-47.350000000000364,stop,241.79794736842115,0.19582465655862008,1843,-1.0084477296726504,2026
2026-03-02,1,542,5389.505,5302.695,86.8100000000004,-86.8100000000004,stop,177.46284210526335,0.48917282609791873,1848,-1.004607764082479,2026
2026-03-03,-1,685,5278.598,5379.755,101.15700000000015,181.61300000000028,close,160.38757894736858,0.6307034538702961,1849,1.791403461945293,2026
2026-03-04,1,728,5190.675,5105.348,85.32700000000023,-56.17000000000007,close,163.15652631578962,0.5229763217368929,1850,-0.6629788929647114,2026
2026-03-06,-1,836,5066.215,5143.665,77.44999999999982,-77.44999999999982,stop,151.58568421052644,0.5109321530154199,1852,-1.0051646223369917,2026
2026-03-10,1,690,5186.578,5124.465,62.113000000000284,12.069999999999709,close,143.9051578947369,0.4316245568170282,1854,0.18788337385087914,2026
2026-03-11,-1,637,5186.495,5223.015,36.52000000000044,3.5299999999997453,close,145.4084736842106,0.2511545515518743,1855,0.08570646221247831,2026
2026-03-12,1,642,5174.945,5125.185,49.75999999999931,-49.75999999999931,stop,143.99426315789486,0.34556932275444674,1856,-1.0080385852090032,2026
2026-03-16,-1,725,4982.165,5035.885,53.720000000000255,-53.720000000000255,stop,137.00355555555566,0.39210661199385083,1858,-1.007446016381236,2026
2026-03-17,-1,822,4994.605,5044.355,49.75,-5.450000000000728,close,133.508105263158,0.3726365519302196,1859,-0.11758793969850709,2026
2026-03-18,-1,681,4981.425,5016.065,34.63999999999942,138.48999999999978,close,128.7875789473685,0.26897003797358215,1860,3.9864318706698065,2026
2026-03-19,-1,644,4747.505,4866.995,119.48999999999978,103.73999999999978,close,130.1117894736843,0.9183641273657771,1861,0.8648422462130719,2026
2026-03-20,-1,836,4639.215,4735.835,96.61999999999989,138.07999999999993,close,146.0549473684211,0.6615318531886332,1862,1.4249637756158153,2026
2026-03-23,-1,606,4162.445,4472.975,310.53000000000065,-310.53000000000065,stop,153.52810526315793,2.0226264075084526,1863,-1.001288120310437,2026
2026-03-25,-1,768,4532.668,4602.125,69.45700000000033,1.832999999999629,close,168.41563157894743,0.41241421208245327,1865,0.02063146983024925,2026
2026-03-26,-1,703,4415.505,4544.275,128.76999999999953,51.73999999999978,close,171.39089473684214,0.7513234597305545,1866,0.3986953482954102,2026
2026-04-01,1,588,4724.005,4666.605,57.400000000000546,41.72999999999956,close,172.6268888888889,0.3325090336126372,1870,0.7200348432055604,2026
2026-04-02,-1,542,4585.405,4800.185,214.78000000000065,-86.28999999999996,close,173.3148333333334,1.23924765047039,1871,-0.40362231120215897,2026
2026-04-06,1,651,4678.445,4600.385,78.05999999999949,-23.346999999999753,close,179.0398333333334,0.4359923629657802,1872,-0.3042147066359199,2026
2026-04-07,1,674,4664.265,4616.025,48.24000000000069,-48.24000000000069,stop,178.6865000000001,0.26997003131182634,1873,-1.0082918739635156,2026
2026-04-08,-1,763,4787.965,4856.998,69.03299999999945,57.5,close,174.74688888888898,0.39504565969064764,1874,0.8271406428809477,2026
2026-04-09,1,704,4732.595,4698.085,34.51000000000022,36.06999999999971,close,176.77261111111116,0.1952225505019486,1875,1.0336134453781363,2026
2026-04-10,-1,707,4737.715,4777.035,39.31999999999971,-39.31999999999971,stop,178.38261111111115,0.2204250725734025,1876,-1.0101729399796542,2026
2026-04-13,1,556,4730.605,4644.015,86.58999999999924,10.363000000000284,close,175.7324444444445,0.4927376972063547,1877,0.11505947569003779,2026
2026-04-14,1,592,4777.075,4751.285,25.789999999999964,-25.789999999999964,stop,172.52163157894748,0.14948850045043902,1878,-1.0155098875533153,2026
2026-04-15,-1,572,4812.445,4871.165,58.720000000000255,16.840000000000146,close,174.2684736842106,0.3369513645159131,1879,0.279972752043598,2026
2026-04-16,-1,693,4806.948,4838.335,31.386999999999716,13.503000000000611,close,175.02742105263167,0.17932618678396386,1880,0.4174658298021706,2026
2026-04-21,-1,540,4782.785,4831.338,48.552999999999884,103.90999999999985,close,147.22152631578956,0.3297955211784308,1883,2.131897102135812,2026
2026-04-22,1,608,4771.935,4717.528,54.40700000000015,-31.950000000000728,close,132.85468421052644,0.4095226323656365,1884,-0.5945926075688907,2026
2026-04-23,-1,789,4692.078,4753.585,61.50699999999961,-3.8369999999995343,close,128.36363157894743,0.4791621991636391,1885,-0.06888646820686364,2026
2026-04-28,-1,563,4623.618,4701.015,77.39699999999993,28.233000000000175,close,113.78010526315795,0.6802331551811379,1888,0.35961342170885435,2026
2026-04-29,-1,619,4575.825,4610.195,34.36999999999989,29.079999999999927,close,115.40810000000006,0.2978127185180232,1889,0.8344486470759389,2026
2026-04-30,1,592,4582.178,4540.545,41.63299999999981,34.7470000000003,close,110.26360000000004,0.3775770063738151,1890,0.8249945956332826,2026
2026-05-01,-1,546,4602.675,4635.695,33.01999999999953,-33.01999999999953,stop,109.06960000000004,0.30274246902894586,1891,-1.012113870381587,2026
2026-05-04,-1,545,4590.795,4620.458,29.662999999999556,73.21000000000004,close,101.71925000000002,0.29161638529579753,1892,2.454573037116985,2026
2026-05-05,1,541,4551.355,4513.265,38.089999999999236,3.130000000000109,close,103.26025,0.3688737921901142,1893,0.07167235494880976,2026
2026-05-06,1,540,4663.605,4568.908,94.6969999999992,28.640000000000327,close,101.36124999999997,0.9342524880069971,1894,0.2982143045714285,2026
2026-05-07,1,571,4721.225,4684.965,36.26000000000022,-18.480000000000473,close,102.31559999999995,0.3543936603997849,1895,-0.5206839492553877,2026
2026-05-08,1,568,4732.615,4683.978,48.636999999999716,-8.849999999999454,close,101.15059999999994,0.48083748391012754,1896,-0.19018442749346195,2026
2026-05-12,-1,540,4708.475,4773.335,64.85999999999967,-6.960000000000036,close,100.89909999999986,0.6428204017677042,1898,-0.11347517730496567,2026
2026-05-13,-1,742,4687.198,4726.618,39.42000000000007,-0.8269999999993161,close,102.46559999999985,0.3847144797863881,1899,-0.031126331811245907,2026
2026-05-14,1,635,4712.438,4668.165,44.27300000000014,-44.27300000000014,stop,101.06174999999989,0.43807869940902655,1900,-1.0090348519413637,2026
2026-05-15,-1,540,4558.425,4665.145,106.72000000000025,12.840000000000146,close,101.0845499999999,1.055749864840872,1901,0.11656671664168024,2026
2026-05-18,1,630,4551.705,4480.065,71.64000000000033,6.600000000000364,close,102.71429999999991,0.6974686095314907,1902,0.0865438302624279,2026
2026-05-19,-1,823,4530.745,4589.295,58.55000000000018,47.470000000000255,close,103.37614999999997,0.56637822166912,1903,0.803928266438943,2026
2026-05-21,-1,606,4518.185,4570.725,52.539999999999964,-24.73999999999978,close,103.49814999999994,0.5076419240343909,1905,-0.4784925770841225,2026
2026-05-26,-1,617,4522.735,4580.225,57.49000000000069,14.0,close,103.77015789473683,0.5540128411322053,1908,0.23656288050095384,2026
2026-05-27,-1,558,4491.355,4527.555,36.20000000000073,40.67999999999938,close,101.21857894736843,0.3576418516883544,1909,1.1127071823204027,2026
2026-05-29,1,540,4520.445,4488.685,31.75999999999931,23.650000000000546,close,105.36031578947376,0.30144176924697824,1911,0.7320528967254739,2026
2026-06-01,-1,560,4508.395,4545.695,37.29999999999927,27.44000000000051,close,105.67400000000008,0.3529723489221497,1912,0.7249329758713415,2026
2026-06-02,1,561,4527.975,4462.658,65.31700000000001,-40.090000000000146,close,103.6471578947369,0.6301861172723651,1913,-0.6198998729274177,2026
2026-06-03,-1,585,4456.298,4496.515,40.21700000000055,12.643000000000029,close,103.94068421052638,0.38692260211163454,1914,0.30442350249893974,2026
2026-06-05,-1,555,4434.975,4473.915,38.9399999999996,-38.9399999999996,stop,98.95805263157906,0.3935000635569625,1916,-1.0102722136620443,2026
2026-06-10,-1,663,4172.135,4246.858,74.72299999999996,89.63000000000011,close,102.6545263157896,0.7279075037581327,1919,1.1941437040804057,2026
2026-06-12,-1,633,4170.575,4245.498,74.92299999999977,-39.850000000000364,close,115.75157894736853,0.6472741078898523,1921,-0.5372182106963214,2026
2026-06-15,1,692,4335.425,4280.885,54.539999999999964,-14.900000000000546,close,111.67421052631589,0.4883849166513488,1922,-0.28052805280529075,2026
2026-06-16,1,652,4332.845,4306.665,26.18000000000029,1.2599999999993088,close,111.98736842105266,0.23377636575553887,1923,0.032849503437711966,2026
2026-06-17,-1,705,4317.415,4349.415,32.0,-32.0,stop,108.01210526315789,0.2962630894198019,1924,-1.0125,2026
2026-06-18,-1,720,4263.648,4329.865,66.21699999999964,47.14300000000003,close,111.37421052631579,0.5945451795984108,1925,0.7059063382515107,2026
2026-06-23,-1,549,4114.495,4198.435,83.94000000000051,3.0599999999994907,close,115.41805263157889,0.7272692450282613,1928,0.03168930188229062,2026
2026-06-26,1,597,4030.175,3982.635,47.539999999999964,41.23999999999978,close,113.40173684210514,0.4192175651259404,1931,0.8590660496424025,2026
2026-06-29,-1,768,4039.015,4075.515,36.5,23.420000000000073,close,113.77963157894726,0.3207955544721031,1932,0.6306849315068513,2026
2026-06-30,1,572,4022.128,3941.528,80.60000000000036,-6.523000000000138,close,113.15857894736833,0.712274762989809,1933,-0.08589330024814029,2026
2026-07-01,-1,546,3969.595,4017.655,48.0600000000004,-48.0600000000004,stop,115.4191052631578,0.41639553426118375,1934,-1.0083229296712442,2026
2026-07-02,1,542,4073.965,4030.525,43.440000000000055,47.13000000000011,close,119.90647368421038,0.36228235778499385,1935,1.0757366482504616,2026
2026-07-06,-1,746,4144.535,4202.905,58.36999999999989,-19.050000000000182,close,118.45794444444434,0.4927487157889598,1937,-0.33321911941065985,2026
2026-07-08,-1,677,4095.385,4133.685,38.30000000000018,15.760000000000218,close,115.74127777777767,0.33091046457544626,1939,0.4010443864229803,2026
2026-07-09,1,540,4089.775,4053.985,35.789999999999964,32.59999999999991,close,112.21238888888881,0.3189487395677739,1940,0.8996926515786516,2026
2026-07-10,-1,643,4107.955,4134.555,26.600000000000364,-0.3100000000004002,close,105.98627777777769,0.2509758862913632,1941,-0.02669172932332295,2026
2026-07-13,-1,544,4050.085,4090.805,40.7199999999998,48.38000000000011,close,105.1812777777777,0.3871411420389016,1942,1.17829076620826,2026
2026-07-15,-1,562,4021.665,4061.875,40.210000000000036,-40.210000000000036,stop,109.43405555555553,0.3674358936609723,1944,-1.0099477741855258,2026
2026-07-16,-1,575,4023.585,4061.275,37.690000000000055,43.789999999999964,close,103.90405555555554,0.362738487910589,1945,1.1512337490050386,2026
2026-07-20,1,684,4028.845,3981.935,46.909999999999854,-22.129999999999654,close,100.18015789473685,0.4682563991293565,1947,-0.48028138989553876,2026
2026-07-21,1,549,4067.445,3999.535,67.91000000000031,16.98999999999978,close,98.80368421052631,0.687322548168354,1948,0.24429391842143583,2026
2026-07-23,-1,607,4111.815,4140.895,29.080000000000837,62.29999999999973,close,94.21999999999998,0.3086393547017708,1950,2.1286107290233134,2026
2026-07-24,1,631,4050.845,4021.665,29.179999999999836,2.6200000000003456,close,95.22247368421054,0.3064402642675556,1951,0.0760795065113214,2026
2026-07-28,-1,755,4034.415,4074.805,40.38999999999987,8.190000000000055,close,90.57878947368427,0.4459101323244591,1953,0.19286952215895217,2026
2026-07-29,1,558,4039.755,4010.055,29.700000000000273,-29.700000000000273,stop,87.88157894736847,0.33795478365024995,1954,-1.0134680134680134,2026
2026-07-31,-1,630,4071.595,4111.305,39.71000000000049,20.699999999999818,close,84.9176315789474,0.46762962251346296,1956,0.5112062452782565,2026
2026-08-03,-1,752,4047.085,4079.155,32.070000000000164,-4.690000000000055,close,85.20975000000003,0.3763653807222783,1957,-0.15871531025880975,2026
2026-08-04,1,663,4069.015,4042.345,26.670000000000073,9.300000000000182,close,84.62875000000005,0.31514113111679015,1958,0.33370828646419787,2026
2026-08-05,1,552,4172.645,4065.065,107.58000000000038,74.05999999999949,close,83.41260000000004,1.289733205774671,1959,0.684699758319383,2026
2026-08-07,1,540,4280.355,4229.385,50.969999999999345,63.5,close,87.7536,0.5808308718958464,1961,1.2379831273298179,2026
2026-08-10,1,583,4351.815,4312.935,38.8799999999992,36.20000000000073,close,91.77059999999997,0.42366509535732805,1962,0.9207818930041529,2026
2026-08-11,-1,568,4367.075,4434.965,67.89000000000033,-3.630000000000109,close,89.96009999999993,0.7546679027702324,1963,-0.059360730593608635,2026
2026-08-12,1,735,4415.445,4361.495,53.94999999999982,-1.6799999999993815,close,88.01709999999994,0.6129490746684434,1964,-0.038554216867458545,2026
2026-08-13,-1,544,4380.325,4449.455,69.13000000000011,30.399999999999636,close,88.81559999999995,0.7783542530816675,1965,0.43396499349051915,2026
2026-08-19,1,636,4361.845,4323.925,37.92000000000007,149.42000000000007,close,91.02209999999998,0.4166021219022642,1969,3.9298523206750997,2026
2026-08-21,1,557,4556.035,4508.545,47.48999999999978,60.52000000000044,close,95.41809999999995,0.4977043139613952,1971,1.2659507264687453,2026
2026-08-24,1,557,4656.765,4594.005,62.76000000000022,-5.300000000000182,close,98.57609999999997,0.6366654797663961,1972,-0.09082217973231617,2026
2026-08-26,-1,562,4629.235,4672.145,42.910000000000764,35.039999999999964,close,101.42409999999998,0.42307498908051216,1974,0.8072710323933663,2026
2026-08-27,-1,542,4600.165,4642.535,42.36999999999989,-8.930000000000291,close,99.94059999999999,0.42395182738546594,1975,-0.220202973802226,2026
2026-08-28,1,597,4609.685,4571.085,38.600000000000364,-38.600000000000364,stop,99.25584999999998,0.38889395436138396,1976,-1.010362694300518,2026
2026-09-01,-1,630,4423.495,4461.275,37.779999999999745,96.43000000000029,close,104.62984999999995,0.36108242533081875,1978,2.5418210693488863,2026
2026-09-03,1,665,4440.145,4380.745,59.400000000000546,34.66999999999916,close,104.00399999999995,0.5711318795431001,1980,0.5769360269360075,2026
2026-09-04,-1,574,4465.145,4487.015,21.86999999999989,-21.86999999999989,stop,106.4725,0.20540515156495706,1981,-1.0182898948331047,2026
2026-09-08,-1,558,4405.685,4442.705,37.01999999999953,47.64000000000033,close,106.87210526315793,0.3463953471192772,1983,1.2760669908158004,2026
2026-09-09,1,543,4400.765,4340.965,59.80000000000018,-2.2270000000007713,close,107.19526315789474,0.557860471053809,1984,-0.04392976588630039,2026
2026-09-10,1,540,4431.135,4389.398,41.73700000000008,-41.73700000000008,stop,107.88315789473683,0.3868722497048472,1985,-1.009583822507607,2026
2026-09-11,1,542,4351.768,4300.495,51.27300000000014,-51.27300000000014,stop,108.7,0.4716927322907096,1986,-1.0078013769430303,2026
2026-09-14,-1,596,4321.835,4355.277,33.44200000000001,38.447000000000116,close,109.95931578947368,0.3041306665096709,1987,1.1377010944321544,2026
2026-09-15,-1,641,4283.098,4317.245,34.146999999999935,-14.516999999999825,close,112.06610526315787,0.3047040844313689,1988,-0.4368465751017616,2026
2026-09-16,1,782,4340.715,4275.155,65.5600000000004,-65.5600000000004,stop,109.87873684210525,0.5966577509369217,1989,-1.0061012812690666,2026
2026-09-17,1,610,4318.125,4257.545,60.57999999999993,27.579999999999927,close,106.81505263157894,0.5671485292335098,1990,0.4486629250577742,2026
2026-09-18,1,540,4377.925,4334.105,43.82000000000062,-1.4899999999997817,close,108.56610526315787,0.403625053084326,1991,-0.04313099041532987,2026
2026-09-21,-1,559,4348.925,4383.165,34.23999999999978,4.260000000000218,close,105.50663157894734,0.32452936358203277,1992,0.11273364485982018,2026
2026-09-22,-1,547,4315.885,4375.67,59.784999999999854,-47.81999999999971,close,104.1476842105263,0.574040608326434,1993,-0.8065568286359426,2026
2026-09-23,-1,555,4327.735,4369.185,41.45000000000073,43.88999999999942,close,103.75847368421049,0.3994854446891156,1994,1.04921592279852,2026
2026-09-24,-1,675,4273.145,4302.865,29.719999999999345,-0.5399999999999636,close,103.97899999999998,0.28582694582559315,1995,-0.03162853297442747,2026
2026-09-28,-1,540,4178.635,4265.645,87.01000000000022,55.94999999999982,close,98.36672222222221,0.884547111404548,1997,0.6384323640960773,2026
2026-09-29,1,548,4144.855,4113.155,31.699999999999818,32.100000000000364,close,103.58672222222225,0.3060237771786477,1998,1.0000000000000173,2026
2026-09-30,1,591,4187.495,4165.255,22.23999999999978,-22.23999999999978,stop,99.44227777777785,0.223647330863631,1999,-1.0179856115107915,2026
